domain,cell,n,split,seed,greedy_subset,greedy_size,greedy_halfA_auroc,greedy_halfB_auroc,good5_halfB_auroc,fulloracle_subset,fulloracle_halfB_auroc,fulloracle_insample_auroc
repgrid,ars_gsm8k_r1distill8b,500,0,0,trace_length|epr_energy|sw_var_peak_energy|mean_logprob_entropy|varentropy|topk_tail_mass,6,0.8042,0.7321,0.7418,epr|trace_length|rpdi|cusum_max|cusum_shift_idx,0.7494,0.779
repgrid,ars_gsm8k_r1distill8b,500,1,0,spectral_entropy|stft_max_high_power|sw_var_peak_energy|mean_logprob_entropy|varentropy|topk_tail_mass,6,0.7491,0.7419,0.7941,epr|trace_length|rpdi|cusum_max|cusum_shift_idx,0.8216,0.779
repgrid,ars_gsm8k_r1distill8b,500,2,0,spectral_entropy|rpdi|sw_var_peak|cusum_max|epr_energy,5,0.8287,0.7538,0.7184,epr|trace_length|rpdi|cusum_max|cusum_shift_idx,0.4543,0.779
repgrid,ars_gsm8k_r1distill8b,500,3,0,trace_length|dominant_freq|cusum_max_spilled|mean_logprob_entropy|varentropy|topk_tail_mass,6,0.8152,0.7018,0.3938,epr|trace_length|rpdi|cusum_max|cusum_shift_idx,0.4891,0.779
repgrid,ars_gsm8k_r1distill8b,500,4,0,spectral_entropy|rpdi|cusum_max|cusum_max_spilled|epr_energy|topk_tail_mass,6,0.8141,0.7661,0.7205,epr|trace_length|rpdi|cusum_max|cusum_shift_idx,0.7194,0.779
repgrid,ars_gsm8k_r1distill8b,500,5,0,trace_length|sw_var_peak|cusum_max|epr_energy|min_energy|topk_tail_mass,6,0.8143,0.7502,0.7257,epr|trace_length|rpdi|cusum_max|cusum_shift_idx,0.749,0.779
repgrid,ars_gsm8k_r1distill8b,500,6,0,trace_length|cusum_max|epr_energy|mean_logprob_entropy|varentropy|topk_tail_mass,6,0.7449,0.784,0.7839,epr|trace_length|rpdi|cusum_max|cusum_shift_idx,0.8104,0.779
repgrid,ars_gsm8k_r1distill8b,500,7,0,trace_length|spectral_entropy|cusum_max|epr_energy|sw_var_peak_energy|varentropy,6,0.8192,0.3228,0.7648,epr|trace_length|rpdi|cusum_max|cusum_shift_idx,0.4768,0.779
repgrid,ars_gsm8k_r1distill8b,500,8,0,spectral_entropy|cusum_max|min_spilled|sw_var_peak_energy|varentropy|topk_tail_mass,6,0.7771,0.7744,0.7711,epr|trace_length|rpdi|cusum_max|cusum_shift_idx,0.8063,0.779
repgrid,ars_gsm8k_r1distill8b,500,9,0,hl_ratio|rpdi|sw_var_peak|cusum_max|min_energy|topk_tail_mass,6,0.8363,0.6502,0.7111,epr|trace_length|rpdi|cusum_max|cusum_shift_idx,0.5011,0.779
repgrid,epr_triviaqa_mistral24b,621,0,0,hl_ratio|min_energy|mean_logprob_entropy|varentropy|topk_tail_mass,5,0.7926,0.7333,0.6841,epr|hl_ratio|sw_var_peak|hurst_exponent,0.692,0.7384
repgrid,epr_triviaqa_mistral24b,621,1,0,hurst_exponent|sw_var_peak_spilled|min_energy|mean_logprob_entropy|renyi_entropy_2|topk_tail_mass,6,0.7837,0.7217,0.6861,epr|hl_ratio|sw_var_peak|hurst_exponent,0.7105,0.7384
repgrid,epr_triviaqa_mistral24b,621,2,0,hurst_exponent|min_spilled|min_energy|mean_logprob_entropy|renyi_entropy_2|topk_tail_mass,6,0.7617,0.7413,0.7056,epr|hl_ratio|sw_var_peak|hurst_exponent,0.7007,0.7384
repgrid,epr_triviaqa_mistral24b,621,3,0,spectral_centroid|epr_spilled|epr_energy|mean_logprob_entropy|varentropy|topk_tail_mass,6,0.8082,0.7006,0.6898,epr|hl_ratio|sw_var_peak|hurst_exponent,0.7073,0.7384
repgrid,epr_triviaqa_mistral24b,621,4,0,min_energy|mean_logprob_entropy|renyi_entropy_2|topk_tail_mass,4,0.7743,0.7343,0.7082,epr|hl_ratio|sw_var_peak|hurst_exponent,0.7055,0.7384
repgrid,epr_triviaqa_mistral24b,621,5,0,spectral_centroid|cusum_shift_idx|min_energy|mean_logprob_entropy|renyi_entropy_2|topk_tail_mass,6,0.7431,0.7674,0.7058,epr|hl_ratio|sw_var_peak|hurst_exponent,0.7235,0.7384
repgrid,epr_triviaqa_mistral24b,621,6,0,epr|spectral_centroid|cusum_shift_idx|mean_logprob_entropy|renyi_entropy_2|topk_tail_mass,6,0.7613,0.722,0.7004,epr|hl_ratio|sw_var_peak|hurst_exponent,0.6988,0.7384
repgrid,epr_triviaqa_mistral24b,621,7,0,hurst_exponent|cusum_shift_idx|epr_spilled|mean_logprob_entropy|renyi_entropy_2|topk_tail_mass,6,0.7291,0.777,0.7355,epr|hl_ratio|sw_var_peak|hurst_exponent,0.7647,0.7384
repgrid,epr_triviaqa_mistral24b,621,8,0,hl_ratio|hurst_exponent|min_energy|mean_logprob_entropy|varentropy|topk_tail_mass,6,0.7807,0.7383,0.6916,epr|hl_ratio|sw_var_peak|hurst_exponent,0.6689,0.7384
repgrid,epr_triviaqa_mistral24b,621,9,0,trace_length|hl_ratio|min_spilled|mean_logprob_entropy|renyi_entropy_2|topk_tail_mass,6,0.7735,0.728,0.6722,epr|hl_ratio|sw_var_peak|hurst_exponent,0.6937,0.7384
repgrid,gpqa_llama70b,1980,0,0,spectral_entropy|dominant_freq|sw_var_peak|cusum_max|epr_energy|topk_tail_mass,6,0.6667,0.591,0.5952,,,
repgrid,gpqa_llama70b,1980,1,0,hl_ratio|dominant_freq|sw_var_peak|cusum_max|varentropy|topk_tail_mass,6,0.6413,0.6186,0.6152,,,
repgrid,gpqa_llama70b,1980,2,0,trace_length|sw_var_peak|cusum_max|cusum_max_energy|mean_top1_logprob|topk_tail_mass,6,0.6267,0.64,0.6356,,,
repgrid,gpqa_llama70b,1980,3,0,trace_length|dominant_freq|sw_var_peak|cusum_max|varentropy|topk_tail_mass,6,0.6575,0.6114,0.6006,,,
repgrid,gpqa_llama70b,1980,4,0,trace_length|dominant_freq|sw_var_peak|cusum_max|varentropy|topk_tail_mass,6,0.6459,0.6239,0.6122,,,
repgrid,gpqa_llama70b,1980,5,0,low_band_power|cusum_max|epr_energy|cusum_max_energy|topk_tail_mass,5,0.6257,0.6355,0.6379,,,
repgrid,gpqa_llama70b,1980,6,0,trace_length|dominant_freq|sw_var_peak|mean_top1_logprob|varentropy|topk_tail_mass,6,0.6617,0.6088,0.6075,,,
repgrid,gpqa_llama70b,1980,7,0,trace_length|hl_ratio|sw_var_peak|cusum_max|varentropy|topk_tail_mass,6,0.6409,0.625,0.6147,,,
repgrid,gpqa_llama70b,1980,8,0,trace_length|sw_var_peak|cusum_max|mean_top1_logprob|topk_tail_mass,5,0.6515,0.6141,0.6107,,,
repgrid,gpqa_llama70b,1980,9,0,dominant_freq|sw_var_peak|cusum_max|cusum_max_energy|renyi_entropy_2|topk_tail_mass,6,0.6516,0.6113,0.5987,,,
repgrid,gpqa_llama8b,1980,0,0,low_band_power|stft_max_high_power|rpdi|sw_var_peak|hurst_exponent|min_spilled,6,0.5433,0.5332,0.5247,,,
repgrid,gpqa_llama8b,1980,1,0,low_band_power|hl_ratio|pe_mean|min_spilled|min_energy|sw_var_peak_energy,6,0.5477,0.5355,0.5589,,,
repgrid,gpqa_llama8b,1980,2,0,low_band_power|hl_ratio|dominant_freq|spectral_centroid|stft_spectral_entropy|epr_energy,6,0.521,0.464,0.5429,,,
repgrid,gpqa_llama8b,1980,3,0,low_band_power|spectral_centroid|pe_mean|sw_var_peak_spilled|min_spilled|cusum_max_energy,6,0.5452,0.5217,0.5196,,,
repgrid,gpqa_llama8b,1980,4,0,low_band_power|high_band_power|dominant_freq|spectral_centroid|cusum_shift_idx|min_spilled,6,0.5399,0.462,0.5465,,,
repgrid,gpqa_llama8b,1980,5,0,spectral_entropy|low_band_power|stft_max_high_power|cusum_max|min_spilled|cusum_max_energy,6,0.556,0.5163,0.5179,,,
repgrid,gpqa_llama8b,1980,6,0,spectral_entropy|low_band_power|cusum_max|cusum_max_energy,4,0.5527,0.5237,0.5127,,,
repgrid,gpqa_llama8b,1980,7,0,spectral_entropy|low_band_power|cusum_max|min_spilled|cusum_max_energy,5,0.5447,0.5313,0.5253,,,
repgrid,gpqa_llama8b,1980,8,0,low_band_power|hl_ratio|dominant_freq|pe_mean|renyi_entropy_2|topk_tail_mass,6,0.5521,0.5165,0.5179,,,
repgrid,gpqa_llama8b,1980,9,0,low_band_power|spectral_centroid|stft_max_high_power|rpdi|hurst_exponent|epr_spilled,6,0.5307,0.5476,0.5343,,,
repgrid,gpqa_mistral7b,1980,0,0,dominant_freq|rpdi|hurst_exponent|cusum_shift_idx|epr_energy,5,0.5165,0.5369,0.5157,,,
repgrid,gpqa_mistral7b,1980,1,0,stft_max_high_power|hurst_exponent|sw_var_peak_spilled|sw_var_peak_energy,4,0.5273,0.4894,0.5008,,,
repgrid,gpqa_mistral7b,1980,2,0,low_band_power|rpdi|pe_mean|epr_spilled,4,0.5288,0.4785,0.4938,,,
repgrid,gpqa_mistral7b,1980,3,0,trace_length|rpdi|min_energy|logprob_margin,4,0.5585,0.5124,0.498,,,
repgrid,gpqa_mistral7b,1980,4,0,trace_length|spectral_entropy|stft_spectral_entropy|rpdi|min_energy,5,0.5317,0.4966,0.5028,,,
repgrid,gpqa_mistral7b,1980,5,0,trace_length|spectral_entropy|stft_spectral_entropy|cusum_shift_idx|sw_var_peak_spilled|logprob_margin,6,0.5263,0.5044,0.5095,,,
repgrid,gpqa_mistral7b,1980,6,0,epr|spectral_entropy|stft_spectral_entropy|rpdi|cusum_shift_idx|min_energy,6,0.5181,0.4845,0.4981,,,
repgrid,gpqa_mistral7b,1980,7,0,high_band_power|hl_ratio|rpdi|sw_var_peak_spilled|sw_var_peak_energy,5,0.5454,0.528,0.4975,,,
repgrid,gpqa_mistral7b,1980,8,0,trace_length|rpdi|sw_var_peak|min_energy|logprob_margin,5,0.5312,0.4982,0.5066,,,
repgrid,gpqa_mistral7b,1980,9,0,trace_length|dominant_freq|stft_max_high_power|cusum_shift_idx|epr_energy,5,0.4784,0.5309,0.5366,,,
repgrid,gpqa_qwen72b,1980,0,0,trace_length|stft_max_high_power|sw_var_peak|cusum_max|epr_energy|topk_tail_mass,6,0.6599,0.6184,0.5285,,,
repgrid,gpqa_qwen72b,1980,1,0,spectral_entropy|sw_var_peak|pe_mean|cusum_max|cusum_max_energy,5,0.4992,0.3902,0.4584,,,
repgrid,gpqa_qwen72b,1980,2,0,spectral_entropy|sw_var_peak|cusum_max|cusum_max_spilled|cusum_max_energy|topk_tail_mass,6,0.5562,0.5628,0.5592,,,
repgrid,gpqa_qwen72b,1980,3,0,trace_length|stft_max_high_power|sw_var_peak|cusum_max|epr_energy|topk_tail_mass,6,0.6409,0.6379,0.5494,,,
repgrid,gpqa_qwen72b,1980,4,0,spectral_entropy|sw_var_peak|cusum_max|sw_var_peak_spilled|cusum_max_energy|topk_tail_mass,6,0.4996,0.527,0.5664,,,
repgrid,gpqa_qwen72b,1980,5,0,spectral_entropy|sw_var_peak|pe_mean|cusum_max|cusum_max_energy,5,0.4975,0.3941,0.5732,,,
repgrid,gpqa_qwen72b,1980,6,0,spectral_entropy|sw_var_peak|cusum_max|cusum_max_spilled|cusum_max_energy|topk_tail_mass,6,0.5495,0.5699,0.5693,,,
repgrid,gpqa_qwen72b,1980,7,0,spectral_entropy|hl_ratio|sw_var_peak|cusum_max|sw_var_peak_spilled|cusum_max_energy,6,0.5189,0.3952,0.5717,,,
repgrid,gpqa_qwen72b,1980,8,0,spectral_entropy|high_band_power|sw_var_peak|cusum_max|sw_var_peak_spilled|cusum_max_energy,6,0.4921,0.5364,0.5819,,,
repgrid,gpqa_qwen72b,1980,9,0,stft_max_high_power|sw_var_peak|cusum_max|sw_var_peak_spilled|epr_energy|cusum_max_energy,6,0.6463,0.6201,0.5489,,,
repgrid,gpqa_r1distill8b,1750,0,0,low_band_power|dominant_freq|hurst_exponent|cusum_max|min_spilled|cusum_max_energy,6,0.5345,0.5027,0.4867,,,
repgrid,gpqa_r1distill8b,1750,1,0,low_band_power|rpdi|hurst_exponent|sw_var_peak_spilled|cusum_max_spilled|cusum_max_energy,6,0.5515,0.5048,0.4858,,,
repgrid,gpqa_r1distill8b,1750,2,0,spectral_entropy|hurst_exponent|cusum_max|cusum_max_spilled|sw_var_peak_energy|cusum_max_energy,6,0.5465,0.5031,0.4674,,,
repgrid,gpqa_r1distill8b,1750,3,0,low_band_power|rpdi|hurst_exponent|cusum_max|cusum_max_spilled|cusum_max_energy,6,0.5301,0.5176,0.4836,,,
repgrid,gpqa_r1distill8b,1750,4,0,low_band_power|dominant_freq|rpdi|hurst_exponent|cusum_max_spilled|min_spilled,6,0.5375,0.5008,0.5019,,,
repgrid,gpqa_r1distill8b,1750,5,0,low_band_power|rpdi|pe_mean|epr_energy|sw_var_peak_energy|logprob_margin,6,0.499,0.4793,0.4853,,,
repgrid,gpqa_r1distill8b,1750,6,0,low_band_power|dominant_freq|hurst_exponent|cusum_max|cusum_max_spilled|sw_var_peak_energy,6,0.5127,0.5145,0.4894,,,
repgrid,gpqa_r1distill8b,1750,7,0,low_band_power|sw_var_peak|sw_var_peak_spilled|epr_energy|logprob_margin|varentropy,6,0.5241,0.4725,0.475,,,
repgrid,gpqa_r1distill8b,1750,8,0,low_band_power|rpdi|hurst_exponent|cusum_max|cusum_max_spilled|sw_var_peak_energy,6,0.5138,0.5191,0.497,,,
repgrid,gpqa_r1distill8b,1750,9,0,low_band_power|rpdi|sw_var_peak|hurst_exponent|cusum_max_spilled|cusum_max_energy,6,0.5228,0.5246,0.4706,,,
repgrid,inside_coqa_llama7b,4504,0,0,high_band_power|cusum_shift_idx|epr_energy|min_energy|sw_var_peak_energy|topk_tail_mass,6,0.6565,0.7112,0.6957,epr|spectral_entropy|dominant_freq|stft_spectral_entropy,0.7276,0.7227
repgrid,inside_coqa_llama7b,4504,1,0,low_band_power|sw_var_peak_energy|topk_tail_mass,3,0.7331,0.732,0.6917,epr|spectral_entropy|dominant_freq|stft_spectral_entropy,0.7092,0.7227
repgrid,inside_coqa_llama7b,4504,2,0,low_band_power|sw_var_peak_energy|topk_tail_mass,3,0.7457,0.7188,0.6912,epr|spectral_entropy|dominant_freq|stft_spectral_entropy,0.7129,0.7227
repgrid,inside_coqa_llama7b,4504,3,0,low_band_power|sw_var_peak|sw_var_peak_energy|topk_tail_mass,4,0.6988,0.7182,0.6848,epr|spectral_entropy|dominant_freq|stft_spectral_entropy,0.7352,0.7227
repgrid,inside_coqa_llama7b,4504,4,0,spectral_entropy|low_band_power|sw_var_peak|min_energy|sw_var_peak_energy,5,0.7223,0.3535,0.688,epr|spectral_entropy|dominant_freq|stft_spectral_entropy,0.7411,0.7227
repgrid,inside_coqa_llama7b,4504,5,0,low_band_power|sw_var_peak|sw_var_peak_energy|topk_tail_mass,4,0.6925,0.6709,0.6889,epr|spectral_entropy|dominant_freq|stft_spectral_entropy,0.7338,0.7227
repgrid,inside_coqa_llama7b,4504,6,0,low_band_power|sw_var_peak|sw_var_peak_energy|topk_tail_mass,4,0.693,0.6564,0.6916,epr|spectral_entropy|dominant_freq|stft_spectral_entropy,0.7268,0.7227
repgrid,inside_coqa_llama7b,4504,7,0,low_band_power|sw_var_peak|min_energy|sw_var_peak_energy|topk_tail_mass,5,0.7319,0.5003,0.69,epr|spectral_entropy|dominant_freq|stft_spectral_entropy,0.7307,0.7227
repgrid,inside_coqa_llama7b,4504,8,0,low_band_power|sw_var_peak|sw_var_peak_energy|topk_tail_mass,4,0.7096,0.7068,0.6785,epr|spectral_entropy|dominant_freq|stft_spectral_entropy,0.7314,0.7227
repgrid,inside_coqa_llama7b,4504,9,0,sw_var_peak|cusum_shift_idx|min_energy|sw_var_peak_energy|topk_tail_mass,5,0.7296,0.7205,0.6893,epr|spectral_entropy|dominant_freq|stft_spectral_entropy,0.7253,0.7227
repgrid,internalstates_gsm8k_qwen25_7b,500,0,0,trace_length|spectral_entropy|sw_var_peak|hurst_exponent|logprob_margin|topk_tail_mass,6,0.8006,0.7289,0.6238,epr|trace_length|spectral_entropy|rpdi|sw_var_peak|pe_mean|hurst_exponent|cusum_shift_idx,0.6559,0.7283
repgrid,internalstates_gsm8k_qwen25_7b,500,1,0,spectral_entropy|rpdi|hurst_exponent|cusum_max|logprob_margin,5,0.7385,0.7352,0.7263,epr|trace_length|spectral_entropy|rpdi|sw_var_peak|pe_mean|hurst_exponent|cusum_shift_idx,0.7651,0.7283
repgrid,internalstates_gsm8k_qwen25_7b,500,2,0,trace_length|spectral_entropy|sw_var_peak|hurst_exponent|epr_energy|topk_tail_mass,6,0.7803,0.7419,0.6004,epr|trace_length|spectral_entropy|rpdi|sw_var_peak|pe_mean|hurst_exponent|cusum_shift_idx,0.6742,0.7283
repgrid,internalstates_gsm8k_qwen25_7b,500,3,0,trace_length|spectral_entropy|rpdi|sw_var_peak|cusum_max|logprob_margin,6,0.7604,0.7442,0.7242,epr|trace_length|spectral_entropy|rpdi|sw_var_peak|pe_mean|hurst_exponent|cusum_shift_idx,0.7051,0.7283
repgrid,internalstates_gsm8k_qwen25_7b,500,4,0,spectral_entropy|sw_var_peak|hurst_exponent|cusum_max_spilled|epr_energy|logprob_margin,6,0.7984,0.7354,0.6892,epr|trace_length|spectral_entropy|rpdi|sw_var_peak|pe_mean|hurst_exponent|cusum_shift_idx,0.6729,0.7283
repgrid,internalstates_gsm8k_qwen25_7b,500,5,0,sw_var_peak|cusum_max|epr_energy|cusum_max_energy|logprob_margin|topk_tail_mass,6,0.7566,0.7448,0.7291,epr|trace_length|spectral_entropy|rpdi|sw_var_peak|pe_mean|hurst_exponent|cusum_shift_idx,0.7742,0.7283
repgrid,internalstates_gsm8k_qwen25_7b,500,6,0,spectral_entropy|hurst_exponent|cusum_max|epr_energy|logprob_margin|topk_tail_mass,6,0.7473,0.78,0.6998,epr|trace_length|spectral_entropy|rpdi|sw_var_peak|pe_mean|hurst_exponent|cusum_shift_idx,0.7317,0.7283
repgrid,internalstates_gsm8k_qwen25_7b,500,7,0,spectral_entropy|sw_var_peak|hurst_exponent|cusum_max|epr_energy,5,0.7591,0.7732,0.7345,epr|trace_length|spectral_entropy|rpdi|sw_var_peak|pe_mean|hurst_exponent|cusum_shift_idx,0.7258,0.7283
repgrid,internalstates_gsm8k_qwen25_7b,500,8,0,trace_length|sw_var_peak|epr_energy|cusum_max_energy|logprob_margin|topk_tail_mass,6,0.7505,0.7646,0.6067,epr|trace_length|spectral_entropy|rpdi|sw_var_peak|pe_mean|hurst_exponent|cusum_shift_idx,0.7351,0.7283
repgrid,internalstates_gsm8k_qwen25_7b,500,9,0,trace_length|hurst_exponent|cusum_max|epr_energy|logprob_margin|topk_tail_mass,6,0.7759,0.7446,0.5742,epr|trace_length|spectral_entropy|rpdi|sw_var_peak|pe_mean|hurst_exponent|cusum_shift_idx,0.6665,0.7283
repgrid,lapeigvals_gsm8k_llama3b,1319,0,0,trace_length|stft_max_high_power|sw_var_peak_energy|logprob_margin|mean_logprob_entropy|varentropy,6,0.7343,0.7118,0.6902,epr|spectral_entropy|stft_max_high_power|pe_mean|cusum_max,0.7012,0.7096
repgrid,lapeigvals_gsm8k_llama3b,1319,1,0,dominant_freq|epr_energy|sw_var_peak_energy|logprob_margin|mean_logprob_entropy|varentropy,6,0.7197,0.7155,0.6932,epr|spectral_entropy|stft_max_high_power|pe_mean|cusum_max,0.5606,0.7096
repgrid,lapeigvals_gsm8k_llama3b,1319,2,0,trace_length|sw_var_peak_energy|logprob_margin|mean_logprob_entropy|varentropy,5,0.7209,0.7287,0.7015,epr|spectral_entropy|stft_max_high_power|pe_mean|cusum_max,0.6397,0.7096
repgrid,lapeigvals_gsm8k_llama3b,1319,3,0,epr|trace_length|sw_var_peak|sw_var_peak_energy|logprob_margin|varentropy,6,0.7372,0.7011,0.6736,epr|spectral_entropy|stft_max_high_power|pe_mean|cusum_max,0.6978,0.7096
repgrid,lapeigvals_gsm8k_llama3b,1319,4,0,epr|trace_length|dominant_freq|logprob_margin|mean_logprob_entropy|varentropy,6,0.747,0.6878,0.6747,epr|spectral_entropy|stft_max_high_power|pe_mean|cusum_max,0.6813,0.7096
repgrid,lapeigvals_gsm8k_llama3b,1319,5,0,dominant_freq|rpdi|cusum_max_energy|logprob_margin|mean_logprob_entropy|varentropy,6,0.7269,0.6923,0.692,epr|spectral_entropy|stft_max_high_power|pe_mean|cusum_max,0.6966,0.7096
repgrid,lapeigvals_gsm8k_llama3b,1319,6,0,cusum_max|sw_var_peak_energy|cusum_max_energy|logprob_margin|mean_logprob_entropy|varentropy,6,0.7123,0.7312,0.7074,epr|spectral_entropy|stft_max_high_power|pe_mean|cusum_max,0.6357,0.7096
repgrid,lapeigvals_gsm8k_llama3b,1319,7,0,trace_length|sw_var_peak_energy|logprob_margin|mean_logprob_entropy|varentropy,5,0.7389,0.7102,0.701,epr|spectral_entropy|stft_max_high_power|pe_mean|cusum_max,0.5509,0.7096
repgrid,lapeigvals_gsm8k_llama3b,1319,8,0,trace_length|epr_energy|sw_var_peak_energy|logprob_margin|mean_logprob_entropy|varentropy,6,0.7401,0.7077,0.6852,epr|spectral_entropy|stft_max_high_power|pe_mean|cusum_max,0.6834,0.7096
repgrid,lapeigvals_gsm8k_llama3b,1319,9,0,trace_length|epr_energy|sw_var_peak_energy|logprob_margin|varentropy|topk_tail_mass,6,0.7272,0.7189,0.6975,epr|spectral_entropy|stft_max_high_power|pe_mean|cusum_max,0.5926,0.7096
repgrid,lapeigvals_gsm8k_llama8b,500,0,0,trace_length|rpdi|sw_var_peak|min_energy|varentropy|topk_tail_mass,6,0.8246,0.8481,0.84,epr|trace_length|rpdi|sw_var_peak,0.8442,0.8279
repgrid,lapeigvals_gsm8k_llama8b,500,1,0,trace_length|rpdi|sw_var_peak|min_energy|varentropy|topk_tail_mass,6,0.8221,0.8441,0.8317,epr|trace_length|rpdi|sw_var_peak,0.8392,0.8279
repgrid,lapeigvals_gsm8k_llama8b,500,2,0,low_band_power|rpdi|min_energy|mean_logprob_entropy|varentropy|topk_tail_mass,6,0.8363,0.8255,0.8226,epr|trace_length|rpdi|sw_var_peak,0.842,0.8279
repgrid,lapeigvals_gsm8k_llama8b,500,3,0,spectral_entropy|rpdi|sw_var_peak|cusum_shift_idx|logprob_margin|varentropy,6,0.8143,0.8052,0.8299,epr|trace_length|rpdi|sw_var_peak,0.852,0.8279
repgrid,lapeigvals_gsm8k_llama8b,500,4,0,trace_length|rpdi|mean_logprob_entropy|varentropy|topk_tail_mass,5,0.8625,0.7912,0.784,epr|trace_length|rpdi|sw_var_peak,0.7986,0.8279
repgrid,lapeigvals_gsm8k_llama8b,500,5,0,epr|trace_length|rpdi|varentropy|topk_tail_mass,5,0.8645,0.7975,0.8143,epr|trace_length|rpdi|sw_var_peak,0.8178,0.8279
repgrid,lapeigvals_gsm8k_llama8b,500,6,0,stft_spectral_entropy|rpdi|sw_var_peak|min_energy|varentropy|topk_tail_mass,6,0.8773,0.7886,0.7967,epr|trace_length|rpdi|sw_var_peak,0.7912,0.8279
repgrid,lapeigvals_gsm8k_llama8b,500,7,0,rpdi|sw_var_peak|epr_energy|min_energy|varentropy|topk_tail_mass,6,0.8586,0.7945,0.803,epr|trace_length|rpdi|sw_var_peak,0.8094,0.8279
repgrid,lapeigvals_gsm8k_llama8b,500,8,0,rpdi|hurst_exponent|epr_energy|mean_logprob_entropy|varentropy|topk_tail_mass,6,0.8553,0.7912,0.8026,epr|trace_length|rpdi|sw_var_peak,0.805,0.8279
repgrid,lapeigvals_gsm8k_llama8b,500,9,0,trace_length|low_band_power|rpdi|varentropy|topk_tail_mass,5,0.833,0.8171,0.7714,epr|trace_length|rpdi|sw_var_peak,0.8393,0.8279
repgrid,lapeigvals_gsm8k_mistral24b,1319,0,0,epr|stft_max_high_power|sw_var_peak|cusum_max_energy|mean_logprob_entropy|varentropy,6,0.8926,0.8241,0.7633,epr|trace_length|spectral_entropy|high_band_power|dominant_freq|stft_max_high_power|stft_spectral_entropy|rpdi|sw_var_peak|pe_mean,0.824,0.8693
repgrid,lapeigvals_gsm8k_mistral24b,1319,1,0,epr|dominant_freq|mean_logprob_entropy|varentropy|topk_tail_mass,5,0.8695,0.853,0.7359,epr|trace_length|spectral_entropy|high_band_power|dominant_freq|stft_max_high_power|stft_spectral_entropy|rpdi|sw_var_peak|pe_mean,0.8284,0.8693
repgrid,lapeigvals_gsm8k_mistral24b,1319,2,0,dominant_freq|stft_max_high_power|cusum_max_energy|mean_logprob_entropy|varentropy|topk_tail_mass,6,0.8768,0.8472,0.8221,epr|trace_length|spectral_entropy|high_band_power|dominant_freq|stft_max_high_power|stft_spectral_entropy|rpdi|sw_var_peak|pe_mean,0.8528,0.8693
repgrid,lapeigvals_gsm8k_mistral24b,1319,3,0,dominant_freq|sw_var_peak|cusum_max_energy|mean_top1_logprob|mean_logprob_entropy|topk_tail_mass,6,0.8751,0.8582,0.7974,epr|trace_length|spectral_entropy|high_band_power|dominant_freq|stft_max_high_power|stft_spectral_entropy|rpdi|sw_var_peak|pe_mean,0.8296,0.8693
repgrid,lapeigvals_gsm8k_mistral24b,1319,4,0,epr|trace_length|sw_var_peak|mean_top1_logprob|logprob_margin|mean_logprob_entropy,6,0.8764,0.8558,0.7903,epr|trace_length|spectral_entropy|high_band_power|dominant_freq|stft_max_high_power|stft_spectral_entropy|rpdi|sw_var_peak|pe_mean,0.8521,0.8693
repgrid,lapeigvals_gsm8k_mistral24b,1319,5,0,dominant_freq|rpdi|sw_var_peak|epr_energy|varentropy|topk_tail_mass,6,0.9197,0.7982,0.7617,epr|trace_length|spectral_entropy|high_band_power|dominant_freq|stft_max_high_power|stft_spectral_entropy|rpdi|sw_var_peak|pe_mean,0.7698,0.8693
repgrid,lapeigvals_gsm8k_mistral24b,1319,6,0,dominant_freq|cusum_max_energy|logprob_margin|mean_logprob_entropy|varentropy|topk_tail_mass,6,0.874,0.8591,0.8061,epr|trace_length|spectral_entropy|high_band_power|dominant_freq|stft_max_high_power|stft_spectral_entropy|rpdi|sw_var_peak|pe_mean,0.825,0.8693
repgrid,lapeigvals_gsm8k_mistral24b,1319,7,0,epr|sw_var_peak|cusum_max_energy|varentropy|topk_tail_mass,5,0.8682,0.8641,0.8026,epr|trace_length|spectral_entropy|high_band_power|dominant_freq|stft_max_high_power|stft_spectral_entropy|rpdi|sw_var_peak|pe_mean,0.8227,0.8693
repgrid,lapeigvals_gsm8k_mistral24b,1319,8,0,epr|stft_spectral_entropy|sw_var_peak|cusum_max_energy|varentropy|topk_tail_mass,6,0.8922,0.8421,0.7903,epr|trace_length|spectral_entropy|high_band_power|dominant_freq|stft_max_high_power|stft_spectral_entropy|rpdi|sw_var_peak|pe_mean,0.8427,0.8693
repgrid,lapeigvals_gsm8k_mistral24b,1319,9,0,epr|rpdi|cusum_max_energy|logprob_margin|mean_logprob_entropy|varentropy,6,0.86,0.8634,0.8079,epr|trace_length|spectral_entropy|high_band_power|dominant_freq|stft_max_high_power|stft_spectral_entropy|rpdi|sw_var_peak|pe_mean,0.864,0.8693
repgrid,lapeigvals_gsm8k_nemo,1319,0,0,spectral_entropy|min_energy|cusum_max_energy|mean_logprob_entropy|varentropy|topk_tail_mass,6,0.8142,0.8185,0.8039,epr|trace_length|high_band_power|stft_max_high_power|stft_spectral_entropy|rpdi|sw_var_peak|cusum_max|cusum_shift_idx,0.8135,0.814
repgrid,lapeigvals_gsm8k_nemo,1319,1,0,spectral_entropy|sw_var_peak|epr_energy|cusum_max_energy|varentropy|topk_tail_mass,6,0.8514,0.7861,0.7428,epr|trace_length|high_band_power|stft_max_high_power|stft_spectral_entropy|rpdi|sw_var_peak|cusum_max|cusum_shift_idx,0.7961,0.814
repgrid,lapeigvals_gsm8k_nemo,1319,2,0,spectral_entropy|mean_logprob_entropy|varentropy|topk_tail_mass,4,0.8008,0.8137,0.8001,epr|trace_length|high_band_power|stft_max_high_power|stft_spectral_entropy|rpdi|sw_var_peak|cusum_max|cusum_shift_idx,0.8391,0.814
repgrid,lapeigvals_gsm8k_nemo,1319,3,0,spectral_entropy|rpdi|sw_var_peak|epr_energy|varentropy|topk_tail_mass,6,0.8364,0.8027,0.7709,epr|trace_length|high_band_power|stft_max_high_power|stft_spectral_entropy|rpdi|sw_var_peak|cusum_max|cusum_shift_idx,0.7941,0.814
repgrid,lapeigvals_gsm8k_nemo,1319,4,0,spectral_entropy|sw_var_peak|varentropy|topk_tail_mass,4,0.8215,0.8046,0.7789,epr|trace_length|high_band_power|stft_max_high_power|stft_spectral_entropy|rpdi|sw_var_peak|cusum_max|cusum_shift_idx,0.7975,0.814
repgrid,lapeigvals_gsm8k_nemo,1319,5,0,trace_length|sw_var_peak|epr_energy|logprob_margin|varentropy|topk_tail_mass,6,0.8136,0.8174,0.784,epr|trace_length|high_band_power|stft_max_high_power|stft_spectral_entropy|rpdi|sw_var_peak|cusum_max|cusum_shift_idx,0.8152,0.814
repgrid,lapeigvals_gsm8k_nemo,1319,6,0,trace_length|rpdi|sw_var_peak|epr_energy|varentropy|topk_tail_mass,6,0.8317,0.8022,0.7649,epr|trace_length|high_band_power|stft_max_high_power|stft_spectral_entropy|rpdi|sw_var_peak|cusum_max|cusum_shift_idx,0.8101,0.814
repgrid,lapeigvals_gsm8k_nemo,1319,7,0,trace_length|spectral_entropy|sw_var_peak|epr_energy|varentropy|topk_tail_mass,6,0.8161,0.8287,0.7885,epr|trace_length|high_band_power|stft_max_high_power|stft_spectral_entropy|rpdi|sw_var_peak|cusum_max|cusum_shift_idx,0.7915,0.814
repgrid,lapeigvals_gsm8k_nemo,1319,8,0,spectral_entropy|sw_var_peak|epr_energy|cusum_max_energy|varentropy|topk_tail_mass,6,0.838,0.8062,0.7596,epr|trace_length|high_band_power|stft_max_high_power|stft_spectral_entropy|rpdi|sw_var_peak|cusum_max|cusum_shift_idx,0.7948,0.814
repgrid,lapeigvals_gsm8k_nemo,1319,9,0,spectral_entropy|epr_energy|cusum_max_energy|mean_logprob_entropy|varentropy|topk_tail_mass,6,0.8196,0.8179,0.7835,epr|trace_length|high_band_power|stft_max_high_power|stft_spectral_entropy|rpdi|sw_var_peak|cusum_max|cusum_shift_idx,0.8199,0.814
repgrid,lapeigvals_gsm8k_phi35,1319,0,0,spectral_entropy|spectral_centroid|epr_spilled|logprob_margin|varentropy|topk_tail_mass,6,0.8183,0.8163,0.8183,epr|trace_length|high_band_power|stft_max_high_power|pe_mean|cusum_max,0.8237,0.8176
repgrid,lapeigvals_gsm8k_phi35,1319,1,0,trace_length|sw_var_peak|varentropy|topk_tail_mass,4,0.8179,0.812,0.7946,epr|trace_length|high_band_power|stft_max_high_power|pe_mean|cusum_max,0.8155,0.8176
repgrid,lapeigvals_gsm8k_phi35,1319,2,0,spectral_entropy|dominant_freq|hurst_exponent|logprob_margin|varentropy|topk_tail_mass,6,0.8303,0.7828,0.795,epr|trace_length|high_band_power|stft_max_high_power|pe_mean|cusum_max,0.8153,0.8176
repgrid,lapeigvals_gsm8k_phi35,1319,3,0,epr|spectral_entropy|hurst_exponent|logprob_margin|varentropy|topk_tail_mass,6,0.8424,0.772,0.7954,epr|trace_length|high_band_power|stft_max_high_power|pe_mean|cusum_max,0.804,0.8176
repgrid,lapeigvals_gsm8k_phi35,1319,4,0,trace_length|hurst_exponent|mean_logprob_entropy|varentropy|topk_tail_mass,5,0.8547,0.7891,0.7719,epr|trace_length|high_band_power|stft_max_high_power|pe_mean|cusum_max,0.7563,0.8176
repgrid,lapeigvals_gsm8k_phi35,1319,5,0,trace_length|rpdi|sw_var_peak|varentropy|topk_tail_mass,5,0.8155,0.807,0.8022,epr|trace_length|high_band_power|stft_max_high_power|pe_mean|cusum_max,0.824,0.8176
repgrid,lapeigvals_gsm8k_phi35,1319,6,0,trace_length|sw_var_peak|varentropy|topk_tail_mass,4,0.8243,0.8031,0.7997,epr|trace_length|high_band_power|stft_max_high_power|pe_mean|cusum_max,0.8142,0.8176
repgrid,lapeigvals_gsm8k_phi35,1319,7,0,epr|spectral_entropy|stft_spectral_entropy|sw_var_peak|varentropy|topk_tail_mass,6,0.8367,0.7848,0.7979,epr|trace_length|high_band_power|stft_max_high_power|pe_mean|cusum_max,0.807,0.8176
repgrid,lapeigvals_gsm8k_phi35,1319,8,0,sw_var_peak|cusum_max_energy|varentropy|topk_tail_mass,4,0.823,0.7821,0.7991,epr|trace_length|high_band_power|stft_max_high_power|pe_mean|cusum_max,0.8132,0.8176
repgrid,lapeigvals_gsm8k_phi35,1319,9,0,epr|trace_length|hurst_exponent|cusum_max|mean_logprob_entropy|varentropy,6,0.8512,0.7857,0.7852,epr|trace_length|high_band_power|stft_max_high_power|pe_mean|cusum_max,0.7165,0.8176
repgrid,losnet_hotpotqa_mistral7b,500,0,0,spectral_entropy|stft_spectral_entropy|sw_var_peak|varentropy,4,0.5883,0.6273,0.5855,epr|spectral_entropy|stft_max_high_power|sw_var_peak|hurst_exponent|cusum_shift_idx,0.6173,0.6107
repgrid,losnet_hotpotqa_mistral7b,500,1,0,spectral_entropy|stft_max_high_power|sw_var_peak|sw_var_peak_spilled|varentropy|topk_tail_mass,6,0.6808,0.5396,0.538,epr|spectral_entropy|stft_max_high_power|sw_var_peak|hurst_exponent|cusum_shift_idx,0.5649,0.6107
repgrid,losnet_hotpotqa_mistral7b,500,2,0,spectral_entropy|sw_var_peak|sw_var_peak_spilled|varentropy|topk_tail_mass,5,0.5726,0.6275,0.6055,epr|spectral_entropy|stft_max_high_power|sw_var_peak|hurst_exponent|cusum_shift_idx,0.6307,0.6107
repgrid,losnet_hotpotqa_mistral7b,500,3,0,stft_max_high_power|cusum_shift_idx|sw_var_peak_spilled|sw_var_peak_energy|mean_logprob_entropy|varentropy,6,0.5999,0.6488,0.6292,epr|spectral_entropy|stft_max_high_power|sw_var_peak|hurst_exponent|cusum_shift_idx,0.6634,0.6107
repgrid,losnet_hotpotqa_mistral7b,500,4,0,spectral_entropy|stft_max_high_power|sw_var_peak|min_energy,4,0.6659,0.5513,0.5541,epr|spectral_entropy|stft_max_high_power|sw_var_peak|hurst_exponent|cusum_shift_idx,0.59,0.6107
repgrid,losnet_hotpotqa_mistral7b,500,5,0,spectral_entropy|hl_ratio|stft_max_high_power|varentropy,4,0.6322,0.599,0.6183,epr|spectral_entropy|stft_max_high_power|sw_var_peak|hurst_exponent|cusum_shift_idx,0.6222,0.6107
repgrid,losnet_hotpotqa_mistral7b,500,6,0,stft_max_high_power|cusum_shift_idx|sw_var_peak_energy|varentropy,4,0.6301,0.5621,0.6,epr|spectral_entropy|stft_max_high_power|sw_var_peak|hurst_exponent|cusum_shift_idx,0.6277,0.6107
repgrid,losnet_hotpotqa_mistral7b,500,7,0,spectral_entropy|rpdi|sw_var_peak|sw_var_peak_spilled|mean_logprob_entropy|topk_tail_mass,6,0.6647,0.5081,0.5196,epr|spectral_entropy|stft_max_high_power|sw_var_peak|hurst_exponent|cusum_shift_idx,0.5615,0.6107
repgrid,losnet_hotpotqa_mistral7b,500,8,0,high_band_power|hl_ratio|dominant_freq|stft_max_high_power|sw_var_peak|hurst_exponent,6,0.5371,0.5479,0.5982,epr|spectral_entropy|stft_max_high_power|sw_var_peak|hurst_exponent|cusum_shift_idx,0.6106,0.6107
repgrid,losnet_hotpotqa_mistral7b,500,9,0,stft_max_high_power|sw_var_peak|sw_var_peak_spilled|cusum_max_energy|varentropy|topk_tail_mass,6,0.6686,0.5459,0.5259,epr|spectral_entropy|stft_max_high_power|sw_var_peak|hurst_exponent|cusum_shift_idx,0.552,0.6107
repgrid,math500_dsmath7b,300,0,0,cusum_max_spilled|min_energy|sw_var_peak_energy|mean_top1_logprob|mean_logprob_entropy|topk_tail_mass,6,0.8068,0.653,0.765,,,
repgrid,math500_dsmath7b,300,1,0,hurst_exponent|sw_var_peak_energy|cusum_max_energy|mean_top1_logprob|renyi_entropy_2|topk_tail_mass,6,0.8309,0.7531,0.6812,,,
repgrid,math500_dsmath7b,300,2,0,trace_length|hurst_exponent|cusum_max_energy|mean_top1_logprob|renyi_entropy_2|topk_tail_mass,6,0.8194,0.7931,0.7648,,,
repgrid,math500_dsmath7b,300,3,0,dominant_freq|rpdi|sw_var_peak_energy|mean_top1_logprob|renyi_entropy_2|topk_tail_mass,6,0.8054,0.796,0.7802,,,
repgrid,math500_dsmath7b,300,4,0,trace_length|cusum_max_spilled|sw_var_peak_energy|mean_top1_logprob|logprob_margin|topk_tail_mass,6,0.8383,0.8019,0.7003,,,
repgrid,math500_dsmath7b,300,5,0,spectral_entropy|rpdi|sw_var_peak|mean_top1_logprob|logprob_margin|topk_tail_mass,6,0.8592,0.735,0.709,,,
repgrid,math500_dsmath7b,300,6,0,trace_length|cusum_max|min_spilled|mean_top1_logprob|logprob_margin|topk_tail_mass,6,0.804,0.8157,0.7296,,,
repgrid,math500_dsmath7b,300,7,0,min_energy|cusum_max_energy|mean_top1_logprob|logprob_margin|renyi_entropy_2|topk_tail_mass,6,0.8179,0.7901,0.8054,,,
repgrid,math500_dsmath7b,300,8,0,cusum_max|cusum_max_spilled|min_spilled|mean_top1_logprob|logprob_margin|topk_tail_mass,6,0.7919,0.8111,0.8424,,,
repgrid,math500_dsmath7b,300,9,0,trace_length|spectral_entropy|rpdi|mean_top1_logprob|renyi_entropy_2|topk_tail_mass,6,0.8106,0.7883,0.7484,,,
repgrid,math500_qwenmath7b,300,0,0,epr|stft_spectral_entropy|cusum_max|epr_spilled|epr_energy|logprob_margin,6,0.96,0.9344,0.9084,,,
repgrid,math500_qwenmath7b,300,1,0,epr|cusum_max|epr_energy|min_energy|logprob_margin|mean_logprob_entropy,6,0.9615,0.9218,0.928,,,
repgrid,math500_qwenmath7b,300,2,0,epr|low_band_power|epr_energy|cusum_max_energy|logprob_margin|mean_logprob_entropy,6,0.9453,0.9511,0.9203,,,
repgrid,math500_qwenmath7b,300,3,0,epr|cusum_max|epr_spilled|epr_energy|logprob_margin,5,0.9624,0.9474,0.886,,,
repgrid,math500_qwenmath7b,300,4,0,epr|cusum_max_spilled|epr_energy|logprob_margin|mean_logprob_entropy,5,0.9433,0.966,0.9103,,,
repgrid,math500_qwenmath7b,300,5,0,epr|epr_spilled|cusum_max_spilled|epr_energy|logprob_margin|mean_logprob_entropy,6,0.9315,0.9746,0.962,,,
repgrid,math500_qwenmath7b,300,6,0,epr|stft_spectral_entropy|epr_energy|logprob_margin|mean_logprob_entropy,5,0.9457,0.9234,0.9232,,,
repgrid,math500_qwenmath7b,300,7,0,epr|cusum_max|min_spilled|epr_energy|cusum_max_energy|logprob_margin,6,0.9409,0.9467,0.9333,,,
repgrid,math500_qwenmath7b,300,8,0,epr|cusum_max|epr_energy|logprob_margin|mean_logprob_entropy,5,0.9625,0.9475,0.9262,,,
repgrid,math500_qwenmath7b,300,9,0,epr|cusum_max_spilled|epr_energy|cusum_max_energy|logprob_margin|mean_logprob_entropy,6,0.9451,0.9491,0.9056,,,
repgrid,math500_r1distill8b,300,0,0,spectral_entropy|stft_spectral_entropy|rpdi|cusum_max|epr_energy|cusum_max_energy,6,0.846,0.8855,0.8647,,,
repgrid,math500_r1distill8b,300,1,0,spectral_entropy|stft_max_high_power|rpdi|cusum_max|cusum_max_energy|mean_top1_logprob,6,0.9282,0.8221,0.7924,,,
repgrid,math500_r1distill8b,300,2,0,spectral_entropy|rpdi|sw_var_peak|cusum_max|min_spilled|cusum_max_energy,6,0.8742,0.8658,0.8317,,,
repgrid,math500_r1distill8b,300,3,0,stft_max_high_power|rpdi|sw_var_peak_spilled|cusum_max_energy|mean_top1_logprob|topk_tail_mass,6,0.912,0.8216,0.7976,,,
repgrid,math500_r1distill8b,300,4,0,rpdi|cusum_max|min_spilled|cusum_max_energy|mean_top1_logprob,5,0.8792,0.8769,0.8437,,,
repgrid,math500_r1distill8b,300,5,0,pe_mean|cusum_max|cusum_shift_idx|cusum_max_energy|mean_top1_logprob|logprob_margin,6,0.8621,0.8312,0.8455,,,
repgrid,math500_r1distill8b,300,6,0,spectral_entropy|rpdi|min_spilled|cusum_max_energy|mean_top1_logprob|topk_tail_mass,6,0.9219,0.8141,0.7825,,,
repgrid,math500_r1distill8b,300,7,0,spectral_entropy|stft_max_high_power|rpdi|sw_var_peak|cusum_max|cusum_max_energy,6,0.9018,0.8476,0.8158,,,
repgrid,math500_r1distill8b,300,8,0,spectral_entropy|rpdi|sw_var_peak_spilled|cusum_max_energy|mean_top1_logprob|renyi_entropy_2,6,0.8815,0.8535,0.8395,,,
repgrid,math500_r1distill8b,300,9,0,rpdi|cusum_max|cusum_shift_idx|min_spilled|cusum_max_energy|topk_tail_mass,6,0.8735,0.8481,0.8405,,,
repgrid,math500_r1distill8b_mn4096,300,0,0,spectral_entropy|cusum_max_spilled|sw_var_peak_energy|cusum_max_energy|logprob_margin,5,0.8602,0.8653,0.8456,,,
repgrid,math500_r1distill8b_mn4096,300,1,0,min_energy|sw_var_peak_energy|cusum_max_energy|mean_top1_logprob|varentropy|topk_tail_mass,6,0.8831,0.8294,0.8189,,,
repgrid,math500_r1distill8b_mn4096,300,2,0,spectral_entropy|dominant_freq|cusum_max|cusum_max_energy|varentropy|topk_tail_mass,6,0.8529,0.8536,0.8434,,,
repgrid,math500_r1distill8b_mn4096,300,3,0,spectral_entropy|min_energy|sw_var_peak_energy|cusum_max_energy|mean_top1_logprob,5,0.8884,0.8666,0.8529,,,
repgrid,math500_r1distill8b_mn4096,300,4,0,epr|spectral_entropy|sw_var_peak_energy|cusum_max_energy|mean_top1_logprob,5,0.8748,0.859,0.8478,,,
repgrid,math500_r1distill8b_mn4096,300,5,0,spectral_entropy|rpdi|sw_var_peak_energy|logprob_margin|varentropy,5,0.8532,0.878,0.8598,,,
repgrid,math500_r1distill8b_mn4096,300,6,0,spectral_entropy|dominant_freq|rpdi|cusum_max_energy|logprob_margin,5,0.9066,0.8219,0.8113,,,
repgrid,math500_r1distill8b_mn4096,300,7,0,epr|rpdi|min_energy|sw_var_peak_energy|logprob_margin|mean_logprob_entropy,6,0.851,0.8685,0.8587,,,
repgrid,math500_r1distill8b_mn4096,300,8,0,spectral_entropy|min_energy|sw_var_peak_energy|cusum_max_energy|logprob_margin|mean_logprob_entropy,6,0.8588,0.8948,0.8728,,,
repgrid,math500_r1distill8b_mn4096,300,9,0,spectral_entropy|sw_var_peak_energy|cusum_max_energy|mean_top1_logprob|varentropy|renyi_entropy_2,6,0.8443,0.8806,0.861,,,
repgrid,noise_gsm8k_mistral7b,1319,0,0,trace_length|spectral_entropy|dominant_freq|rpdi|varentropy|topk_tail_mass,6,0.8095,0.8306,0.7983,epr|trace_length|spectral_entropy|dominant_freq|stft_max_high_power|rpdi|sw_var_peak,0.83,0.8183
repgrid,noise_gsm8k_mistral7b,1319,1,0,trace_length|spectral_entropy|rpdi|sw_var_peak|epr_energy|topk_tail_mass,6,0.8328,0.7982,0.7706,epr|trace_length|spectral_entropy|dominant_freq|stft_max_high_power|rpdi|sw_var_peak,0.8031,0.8183
repgrid,noise_gsm8k_mistral7b,1319,2,0,trace_length|spectral_entropy|dominant_freq|cusum_shift_idx|varentropy|topk_tail_mass,6,0.8135,0.8197,0.7981,epr|trace_length|spectral_entropy|dominant_freq|stft_max_high_power|rpdi|sw_var_peak,0.8283,0.8183
repgrid,noise_gsm8k_mistral7b,1319,3,0,trace_length|spectral_entropy|dominant_freq|stft_max_high_power|varentropy|topk_tail_mass,6,0.8066,0.8305,0.8054,epr|trace_length|spectral_entropy|dominant_freq|stft_max_high_power|rpdi|sw_var_peak,0.835,0.8183
repgrid,noise_gsm8k_mistral7b,1319,4,0,trace_length|spectral_entropy|sw_var_peak|epr_energy|varentropy|topk_tail_mass,6,0.8218,0.7944,0.7828,epr|trace_length|spectral_entropy|dominant_freq|stft_max_high_power|rpdi|sw_var_peak,0.8164,0.8183
repgrid,noise_gsm8k_mistral7b,1319,5,0,trace_length|spectral_entropy|dominant_freq|epr_energy|varentropy|topk_tail_mass,6,0.8467,0.7955,0.7675,epr|trace_length|spectral_entropy|dominant_freq|stft_max_high_power|rpdi|sw_var_peak,0.795,0.8183
repgrid,noise_gsm8k_mistral7b,1319,6,0,trace_length|spectral_entropy|epr_energy|mean_logprob_entropy|varentropy|topk_tail_mass,6,0.8239,0.7871,0.7831,epr|trace_length|spectral_entropy|dominant_freq|stft_max_high_power|rpdi|sw_var_peak,0.8213,0.8183
repgrid,noise_gsm8k_mistral7b,1319,7,0,trace_length|spectral_entropy|dominant_freq|epr_energy|varentropy|topk_tail_mass,6,0.818,0.8233,0.7856,epr|trace_length|spectral_entropy|dominant_freq|stft_max_high_power|rpdi|sw_var_peak,0.8271,0.8183
repgrid,noise_gsm8k_mistral7b,1319,8,0,spectral_entropy|dominant_freq|sw_var_peak|cusum_shift_idx|varentropy|topk_tail_mass,6,0.8139,0.8002,0.795,epr|trace_length|spectral_entropy|dominant_freq|stft_max_high_power|rpdi|sw_var_peak,0.8241,0.8183
repgrid,noise_gsm8k_mistral7b,1319,9,0,trace_length|spectral_entropy|rpdi|epr_energy|varentropy|topk_tail_mass,6,0.8165,0.824,0.8007,epr|trace_length|spectral_entropy|dominant_freq|stft_max_high_power|rpdi|sw_var_peak,0.8254,0.8183
repgrid,noise_gsm8k_phi3mini,1319,0,0,trace_length|spectral_centroid|cusum_shift_idx|mean_logprob_entropy|varentropy|topk_tail_mass,6,0.6878,0.7128,0.6617,epr|spectral_entropy|hl_ratio|spectral_centroid|stft_max_high_power|stft_spectral_entropy|sw_var_peak|pe_mean|cusum_shift_idx,0.7073,0.6935
repgrid,noise_gsm8k_phi3mini,1319,1,0,trace_length|rpdi|cusum_shift_idx|mean_logprob_entropy|varentropy|topk_tail_mass,6,0.6878,0.6925,0.6798,epr|spectral_entropy|hl_ratio|spectral_centroid|stft_max_high_power|stft_spectral_entropy|sw_var_peak|pe_mean|cusum_shift_idx,0.634,0.6935
repgrid,noise_gsm8k_phi3mini,1319,2,0,spectral_entropy|spectral_centroid|cusum_shift_idx|mean_logprob_entropy|varentropy|topk_tail_mass,6,0.7199,0.6759,0.6435,epr|spectral_entropy|hl_ratio|spectral_centroid|stft_max_high_power|stft_spectral_entropy|sw_var_peak|pe_mean|cusum_shift_idx,0.6633,0.6935
repgrid,noise_gsm8k_phi3mini,1319,3,0,trace_length|rpdi|cusum_shift_idx|mean_logprob_entropy|varentropy|topk_tail_mass,6,0.7108,0.6708,0.6582,epr|spectral_entropy|hl_ratio|spectral_centroid|stft_max_high_power|stft_spectral_entropy|sw_var_peak|pe_mean|cusum_shift_idx,0.5038,0.6935
repgrid,noise_gsm8k_phi3mini,1319,4,0,spectral_centroid|rpdi|cusum_shift_idx|mean_logprob_entropy|varentropy|topk_tail_mass,6,0.7096,0.6789,0.6566,epr|spectral_entropy|hl_ratio|spectral_centroid|stft_max_high_power|stft_spectral_entropy|sw_var_peak|pe_mean|cusum_shift_idx,0.6713,0.6935
repgrid,noise_gsm8k_phi3mini,1319,5,0,epr|trace_length|sw_var_peak|pe_mean|mean_logprob_entropy|renyi_entropy_2,6,0.7262,0.6531,0.6413,epr|spectral_entropy|hl_ratio|spectral_centroid|stft_max_high_power|stft_spectral_entropy|sw_var_peak|pe_mean|cusum_shift_idx,0.662,0.6935
repgrid,noise_gsm8k_phi3mini,1319,6,0,trace_length|stft_max_high_power|cusum_shift_idx|mean_logprob_entropy|varentropy|topk_tail_mass,6,0.7202,0.6621,0.6416,epr|spectral_entropy|hl_ratio|spectral_centroid|stft_max_high_power|stft_spectral_entropy|sw_var_peak|pe_mean|cusum_shift_idx,0.6849,0.6935
repgrid,noise_gsm8k_phi3mini,1319,7,0,trace_length|stft_max_high_power|cusum_shift_idx|mean_logprob_entropy|varentropy|topk_tail_mass,6,0.702,0.682,0.6581,epr|spectral_entropy|hl_ratio|spectral_centroid|stft_max_high_power|stft_spectral_entropy|sw_var_peak|pe_mean|cusum_shift_idx,0.6961,0.6935
repgrid,noise_gsm8k_phi3mini,1319,8,0,trace_length|stft_max_high_power|cusum_shift_idx|mean_logprob_entropy|varentropy|topk_tail_mass,6,0.7073,0.6716,0.6553,epr|spectral_entropy|hl_ratio|spectral_centroid|stft_max_high_power|stft_spectral_entropy|sw_var_peak|pe_mean|cusum_shift_idx,0.6788,0.6935
repgrid,noise_gsm8k_phi3mini,1319,9,0,trace_length|spectral_centroid|cusum_shift_idx|mean_logprob_entropy|varentropy|topk_tail_mass,6,0.7051,0.6906,0.6385,epr|spectral_entropy|hl_ratio|spectral_centroid|stft_max_high_power|stft_spectral_entropy|sw_var_peak|pe_mean|cusum_shift_idx,0.6809,0.6935
repgrid,rag_2wikimultihopqa_llama70b,240,0,0,trace_length|stft_max_high_power|sw_var_peak|pe_mean|sw_var_peak_spilled|min_energy,6,0.4772,0.4745,0.509,,,
repgrid,rag_2wikimultihopqa_llama70b,240,1,0,trace_length|hl_ratio|stft_max_high_power|pe_mean|hurst_exponent|mean_top1_logprob,6,0.5267,0.4219,0.4643,,,
repgrid,rag_2wikimultihopqa_llama70b,240,2,0,trace_length|stft_spectral_entropy|pe_mean|epr_spilled|mean_top1_logprob|topk_tail_mass,6,0.6503,0.352,0.3686,,,
repgrid,rag_2wikimultihopqa_llama70b,240,3,0,trace_length|sw_var_peak|pe_mean,3,0.5956,0.2992,0.3578,,,
repgrid,rag_2wikimultihopqa_llama70b,240,4,0,trace_length|spectral_entropy|stft_spectral_entropy|pe_mean|cusum_max_spilled|logprob_margin,6,0.7424,0.5379,0.5279,,,
repgrid,rag_2wikimultihopqa_llama70b,240,5,0,trace_length|pe_mean|epr_spilled|mean_top1_logprob|renyi_entropy_2|topk_tail_mass,6,0.6178,0.4522,0.3767,,,
repgrid,rag_2wikimultihopqa_llama70b,240,6,0,trace_length|high_band_power|stft_max_high_power|pe_mean|logprob_margin,5,0.5673,0.4486,0.417,,,
repgrid,rag_2wikimultihopqa_llama70b,240,7,0,trace_length|pe_mean|cusum_shift_idx|cusum_max_energy|logprob_margin,5,0.7781,0.7402,0.4749,,,
repgrid,rag_2wikimultihopqa_llama70b,240,8,0,trace_length|hl_ratio|sw_var_peak_energy|logprob_margin,4,0.8275,0.4297,0.5024,,,
repgrid,rag_2wikimultihopqa_llama70b,240,9,0,trace_length|dominant_freq|stft_max_high_power|stft_spectral_entropy|pe_mean|min_energy,6,0.4997,0.3681,0.5231,,,
repgrid,rag_2wikimultihopqa_llama8b,240,0,0,trace_length|cusum_shift_idx|epr_spilled|cusum_max_spilled|logprob_margin|varentropy,6,0.3096,0.3041,0.3816,,,
repgrid,rag_2wikimultihopqa_llama8b,240,1,0,trace_length|low_band_power|rpdi|sw_var_peak|cusum_shift_idx|cusum_max_energy,6,0.4795,0.2278,0.2452,,,
repgrid,rag_2wikimultihopqa_llama8b,240,2,0,trace_length|low_band_power|hl_ratio|cusum_shift_idx|sw_var_peak_spilled|sw_var_peak_energy,6,0.3125,0.3009,0.3148,,,
repgrid,rag_2wikimultihopqa_llama8b,240,3,0,trace_length|hl_ratio|cusum_shift_idx|cusum_max_spilled,4,0.287,0.2675,0.3304,,,
repgrid,rag_2wikimultihopqa_llama8b,240,4,0,trace_length|low_band_power|high_band_power|rpdi|hurst_exponent|min_energy,6,0.4777,0.3134,0.2849,,,
repgrid,rag_2wikimultihopqa_llama8b,240,5,0,trace_length|spectral_centroid|rpdi|hurst_exponent|cusum_shift_idx|sw_var_peak_energy,6,0.6213,0.1443,0.2383,,,
repgrid,rag_2wikimultihopqa_llama8b,240,6,0,trace_length|cusum_shift_idx|epr_energy|sw_var_peak_energy,4,0.574,0.0733,0.1853,,,
repgrid,rag_2wikimultihopqa_llama8b,240,7,0,high_band_power|rpdi|pe_mean|cusum_shift_idx|min_spilled|varentropy,6,0.6243,0.3173,0.1418,,,
repgrid,rag_2wikimultihopqa_llama8b,240,8,0,trace_length|low_band_power|rpdi|epr_spilled|min_energy,5,0.3161,0.5603,0.4353,,,
repgrid,rag_2wikimultihopqa_llama8b,240,9,0,trace_length|dominant_freq|hurst_exponent|sw_var_peak_spilled|min_spilled|logprob_margin,6,0.9483,0.3628,0.421,,,
repgrid,rag_2wikimultihopqa_mistral24b,240,0,0,epr|trace_length|hurst_exponent|epr_energy|min_energy|varentropy,6,0.4825,0.3374,0.233,,,
repgrid,rag_2wikimultihopqa_mistral24b,240,1,0,trace_length|high_band_power|rpdi|varentropy,4,0.3929,0.4401,0.3728,,,
repgrid,rag_2wikimultihopqa_mistral24b,240,2,0,epr|trace_length|hurst_exponent|epr_energy|min_energy|varentropy,6,0.4219,0.4035,0.3494,,,
repgrid,rag_2wikimultihopqa_mistral24b,240,3,0,trace_length|spectral_centroid|hurst_exponent|min_energy|logprob_margin|varentropy,6,0.3801,0.4364,0.4051,,,
repgrid,rag_2wikimultihopqa_mistral24b,240,4,0,trace_length|high_band_power|spectral_centroid|rpdi|hurst_exponent|varentropy,6,0.6769,0.3471,0.3181,,,
repgrid,rag_2wikimultihopqa_mistral24b,240,5,0,epr|trace_length|rpdi|hurst_exponent|min_energy|varentropy,6,0.4942,0.3772,0.3638,,,
repgrid,rag_2wikimultihopqa_mistral24b,240,6,0,trace_length|dominant_freq|rpdi|min_energy|cusum_max_energy|mean_logprob_entropy,6,0.5526,0.2243,0.2455,,,
repgrid,rag_2wikimultihopqa_mistral24b,240,7,0,trace_length|hurst_exponent|epr_spilled|cusum_max_spilled|min_energy|mean_top1_logprob,6,0.2069,0.4773,0.4073,,,
repgrid,rag_2wikimultihopqa_mistral24b,240,8,0,trace_length|rpdi|sw_var_peak_spilled|min_energy|logprob_margin|varentropy,6,0.3236,0.4817,0.3742,,,
repgrid,rag_2wikimultihopqa_mistral24b,240,9,0,trace_length|rpdi|epr_energy|sw_var_peak_energy|cusum_max_energy,5,0.4342,0.2087,0.3248,,,
repgrid,rag_2wikimultihopqa_qwen72b,240,0,0,hl_ratio|rpdi|pe_mean|logprob_margin|varentropy|topk_tail_mass,6,0.8441,0.7871,0.5539,,,
repgrid,rag_2wikimultihopqa_qwen72b,240,1,0,hurst_exponent|logprob_margin|varentropy|topk_tail_mass,4,0.8948,0.6427,0.3818,,,
repgrid,rag_2wikimultihopqa_qwen72b,240,2,0,rpdi|cusum_max_energy|logprob_margin|varentropy|topk_tail_mass,5,0.7836,0.7599,0.5536,,,
repgrid,rag_2wikimultihopqa_qwen72b,240,3,0,trace_length|rpdi|logprob_margin|topk_tail_mass,4,0.6902,0.5902,0.6183,,,
repgrid,rag_2wikimultihopqa_qwen72b,240,4,0,cusum_max_energy|logprob_margin|varentropy|topk_tail_mass,4,0.8909,0.6905,0.5312,,,
repgrid,rag_2wikimultihopqa_qwen72b,240,5,0,spectral_entropy|mean_top1_logprob|logprob_margin|mean_logprob_entropy,4,0.8582,0.7109,0.53,,,
repgrid,rag_2wikimultihopqa_qwen72b,240,6,0,dominant_freq|pe_mean|logprob_margin|mean_logprob_entropy|topk_tail_mass,5,0.8495,0.7237,0.4751,,,
repgrid,rag_2wikimultihopqa_qwen72b,240,7,0,pe_mean|logprob_margin|varentropy|topk_tail_mass,4,0.8322,0.7948,0.5764,,,
repgrid,rag_2wikimultihopqa_qwen72b,240,8,0,pe_mean|hurst_exponent|logprob_margin|varentropy|topk_tail_mass,5,0.8382,0.7764,0.506,,,
repgrid,rag_2wikimultihopqa_qwen72b,240,9,0,trace_length|hurst_exponent|sw_var_peak_spilled|logprob_margin|topk_tail_mass,5,0.7106,0.7042,0.6429,,,
repgrid,rag_2wikimultihopqa_qwen7b,240,0,0,trace_length|hl_ratio|spectral_centroid|hurst_exponent|cusum_shift_idx|sw_var_peak_spilled,6,0.4676,0.4344,0.3574,,,
repgrid,rag_2wikimultihopqa_qwen7b,240,1,0,trace_length|spectral_entropy|stft_max_high_power|rpdi|cusum_max_spilled|logprob_margin,6,0.79,0.6397,0.4589,,,
repgrid,rag_2wikimultihopqa_qwen7b,240,2,0,trace_length|hl_ratio|rpdi|epr_energy,4,0.6798,0.5947,0.352,,,
repgrid,rag_2wikimultihopqa_qwen7b,240,3,0,trace_length|spectral_entropy|hl_ratio|spectral_centroid|pe_mean|logprob_margin,6,0.7145,0.4412,0.3944,,,
repgrid,rag_2wikimultihopqa_qwen7b,240,4,0,trace_length|hl_ratio|spectral_centroid|stft_spectral_entropy|pe_mean|logprob_margin,6,0.6456,0.6049,0.4665,,,
repgrid,rag_2wikimultihopqa_qwen7b,240,5,0,trace_length|dominant_freq|rpdi|pe_mean|sw_var_peak_spilled|logprob_margin,6,0.5217,0.615,0.4228,,,
repgrid,rag_2wikimultihopqa_qwen7b,240,6,0,trace_length|dominant_freq|spectral_centroid|rpdi|hurst_exponent|logprob_margin,6,0.6205,0.5585,0.4839,,,
repgrid,rag_2wikimultihopqa_qwen7b,240,7,0,trace_length|dominant_freq|rpdi|hurst_exponent|cusum_shift_idx|sw_var_peak_spilled,6,0.5536,0.3534,0.3313,,,
repgrid,rag_2wikimultihopqa_qwen7b,240,8,0,trace_length|spectral_entropy|sw_var_peak|cusum_max_spilled|logprob_margin|varentropy,6,0.7818,0.3515,0.3426,,,
repgrid,rag_2wikimultihopqa_qwen7b,240,9,0,trace_length|spectral_entropy|hl_ratio|spectral_centroid|pe_mean|logprob_margin,6,0.73,0.2971,0.3262,,,
repgrid,rag_hotpotqa_llama70b,240,0,0,epr|dominant_freq|epr_spilled|mean_logprob_entropy|varentropy|renyi_entropy_2,6,0.9174,0.7936,0.7018,,,
repgrid,rag_hotpotqa_llama70b,240,1,0,low_band_power|sw_var_peak_spilled|logprob_margin|mean_logprob_entropy|varentropy,5,0.9772,0.6747,0.5405,,,
repgrid,rag_hotpotqa_llama70b,240,2,0,epr|high_band_power|mean_top1_logprob|mean_logprob_entropy,4,0.8473,0.7545,0.5815,,,
repgrid,rag_hotpotqa_llama70b,240,3,0,hl_ratio|stft_spectral_entropy|rpdi|logprob_margin|mean_logprob_entropy|renyi_entropy_2,6,0.9659,0.7631,0.6072,,,
repgrid,rag_hotpotqa_llama70b,240,4,0,stft_spectral_entropy|mean_top1_logprob|mean_logprob_entropy|varentropy|renyi_entropy_2,5,0.8098,0.8318,0.7407,,,
repgrid,rag_hotpotqa_llama70b,240,5,0,cusum_shift_idx|sw_var_peak_spilled|cusum_max_spilled|logprob_margin|mean_logprob_entropy|varentropy,6,0.9743,0.6936,0.6136,,,
repgrid,rag_hotpotqa_llama70b,240,6,0,high_band_power|stft_max_high_power|min_energy|mean_top1_logprob|renyi_entropy_2,5,0.9676,0.7382,0.6527,,,
repgrid,rag_hotpotqa_llama70b,240,7,0,epr|hurst_exponent|mean_top1_logprob|logprob_margin|mean_logprob_entropy|renyi_entropy_2,6,0.9079,0.7847,0.6497,,,
repgrid,rag_hotpotqa_llama70b,240,8,0,epr|dominant_freq|mean_top1_logprob|mean_logprob_entropy|varentropy,5,0.8745,0.8828,0.6607,,,
repgrid,rag_hotpotqa_llama70b,240,9,0,epr|high_band_power|stft_spectral_entropy|sw_var_peak_energy|logprob_margin|mean_logprob_entropy,6,0.9509,0.7427,0.5955,,,
repgrid,rag_hotpotqa_llama8b,240,0,0,epr|sw_var_peak_energy|logprob_margin|mean_logprob_entropy,4,0.9933,0.7836,0.4064,,,
repgrid,rag_hotpotqa_llama8b,240,1,0,epr|cusum_max|logprob_margin|renyi_entropy_2,4,0.9518,0.8315,0.5234,,,
repgrid,rag_hotpotqa_llama8b,240,2,0,epr|trace_length|high_band_power|logprob_margin|mean_logprob_entropy,5,0.8951,0.8523,0.4883,,,
repgrid,rag_hotpotqa_llama8b,240,3,0,epr|rpdi|cusum_max|logprob_margin|varentropy,5,0.96,0.8238,0.4775,,,
repgrid,rag_hotpotqa_llama8b,240,4,0,epr|high_band_power|spectral_centroid|sw_var_peak_energy|logprob_margin|varentropy,6,0.8812,0.9191,0.4223,,,
repgrid,rag_hotpotqa_llama8b,240,5,0,epr|trace_length|spectral_centroid|rpdi|logprob_margin|varentropy,6,0.8382,0.9684,0.6662,,,
repgrid,rag_hotpotqa_llama8b,240,6,0,epr|trace_length|rpdi|min_spilled|logprob_margin|varentropy,6,0.7325,0.9643,0.5859,,,
repgrid,rag_hotpotqa_llama8b,240,7,0,epr|cusum_max|logprob_margin|mean_logprob_entropy,4,0.9503,0.8292,0.4554,,,
repgrid,rag_hotpotqa_llama8b,240,8,0,epr|rpdi|min_spilled|sw_var_peak_energy|logprob_margin|mean_logprob_entropy,6,0.9397,0.88,0.5145,,,
repgrid,rag_hotpotqa_llama8b,240,9,0,epr|low_band_power|spectral_centroid|sw_var_peak_energy|mean_top1_logprob|logprob_margin,6,0.8991,0.8114,0.5536,,,
repgrid,rag_hotpotqa_mistral24b,240,0,0,trace_length|high_band_power|rpdi|logprob_margin,4,0.847,0.4008,0.5424,,,
repgrid,rag_hotpotqa_mistral24b,240,1,0,trace_length|high_band_power|rpdi|pe_mean|logprob_margin,5,0.8659,0.584,0.8433,,,
repgrid,rag_hotpotqa_mistral24b,240,2,0,epr|pe_mean|cusum_shift_idx|min_spilled|mean_top1_logprob|logprob_margin,6,0.8192,0.7113,0.5096,,,
repgrid,rag_hotpotqa_mistral24b,240,3,0,epr|rpdi|mean_top1_logprob|logprob_margin|varentropy,5,0.6895,0.6547,0.5155,,,
repgrid,rag_hotpotqa_mistral24b,240,4,0,dominant_freq|rpdi|min_spilled|mean_top1_logprob|logprob_margin|topk_tail_mass,6,0.7763,0.5497,0.3655,,,
repgrid,rag_hotpotqa_mistral24b,240,5,0,trace_length|rpdi|hurst_exponent|epr_spilled|min_spilled|logprob_margin,6,0.6798,0.5102,0.5629,,,
repgrid,rag_hotpotqa_mistral24b,240,6,0,epr|trace_length|min_spilled|logprob_margin,4,0.78,0.7896,0.5443,,,
repgrid,rag_hotpotqa_mistral24b,240,7,0,epr|trace_length|dominant_freq|rpdi|pe_mean|logprob_margin,6,0.5304,0.6119,0.598,,,
repgrid,rag_hotpotqa_mistral24b,240,8,0,epr|pe_mean|hurst_exponent|mean_top1_logprob|logprob_margin,5,0.8108,0.6695,0.3333,,,
repgrid,rag_hotpotqa_mistral24b,240,9,0,trace_length|spectral_entropy|hl_ratio|rpdi|cusum_max_spilled|logprob_margin,6,0.8142,0.3443,0.5791,,,
repgrid,rag_hotpotqa_qwen72b,240,0,0,high_band_power|stft_spectral_entropy|pe_mean|sw_var_peak_energy|logprob_margin|varentropy,6,0.9167,0.8642,0.8279,,,
repgrid,rag_hotpotqa_qwen72b,240,1,0,epr|spectral_entropy|pe_mean|logprob_margin|varentropy,5,0.8468,0.8989,0.7748,,,
repgrid,rag_hotpotqa_qwen72b,240,2,0,hurst_exponent|sw_var_peak_spilled|cusum_max_energy|logprob_margin|varentropy|topk_tail_mass,6,0.9317,0.8415,0.7139,,,
repgrid,rag_hotpotqa_qwen72b,240,3,0,epr|mean_logprob_entropy|topk_tail_mass,3,0.8799,0.8457,0.7656,,,
repgrid,rag_hotpotqa_qwen72b,240,4,0,epr|pe_mean|cusum_max|logprob_margin|varentropy,5,0.8567,0.8765,0.8202,,,
repgrid,rag_hotpotqa_qwen72b,240,5,0,stft_spectral_entropy|cusum_max_energy|logprob_margin|varentropy|topk_tail_mass,5,0.8182,0.9308,0.8013,,,
repgrid,rag_hotpotqa_qwen72b,240,6,0,epr|rpdi|mean_logprob_entropy|varentropy|topk_tail_mass,5,0.9324,0.7421,0.6195,,,
repgrid,rag_hotpotqa_qwen72b,240,7,0,hurst_exponent|sw_var_peak_energy|logprob_margin|mean_logprob_entropy|varentropy|topk_tail_mass,6,0.8217,0.9116,0.7373,,,
repgrid,rag_hotpotqa_qwen72b,240,8,0,hurst_exponent|sw_var_peak_spilled|cusum_max_energy|logprob_margin|varentropy|topk_tail_mass,6,0.9582,0.808,0.6908,,,
repgrid,rag_hotpotqa_qwen72b,240,9,0,low_band_power|pe_mean|logprob_margin|varentropy|topk_tail_mass,5,0.8388,0.8969,0.8058,,,
repgrid,rag_hotpotqa_qwen7b,240,0,0,trace_length|dominant_freq|rpdi|sw_var_peak_spilled|logprob_margin,5,0.7927,0.7048,0.6322,,,
repgrid,rag_hotpotqa_qwen7b,240,1,0,high_band_power|stft_max_high_power|rpdi|mean_top1_logprob|logprob_margin|varentropy,6,0.8136,0.6564,0.4691,,,
repgrid,rag_hotpotqa_qwen7b,240,2,0,spectral_entropy|stft_spectral_entropy|rpdi|mean_top1_logprob|mean_logprob_entropy|renyi_entropy_2,6,0.8298,0.6486,0.5285,,,
repgrid,rag_hotpotqa_qwen7b,240,3,0,trace_length|spectral_entropy|dominant_freq|stft_spectral_entropy|logprob_margin|mean_logprob_entropy,6,0.7558,0.7127,0.5345,,,
repgrid,rag_hotpotqa_qwen7b,240,4,0,epr|trace_length|spectral_entropy|hurst_exponent|logprob_margin|mean_logprob_entropy,6,0.7606,0.7573,0.6182,,,
repgrid,rag_hotpotqa_qwen7b,240,5,0,stft_spectral_entropy|pe_mean|min_energy|mean_top1_logprob|mean_logprob_entropy|renyi_entropy_2,6,0.7755,0.6585,0.5145,,,
repgrid,rag_hotpotqa_qwen7b,240,6,0,trace_length|stft_spectral_entropy|hurst_exponent|sw_var_peak_energy,4,0.7421,0.5371,0.6038,,,
repgrid,rag_hotpotqa_qwen7b,240,7,0,low_band_power|stft_max_high_power|cusum_max,3,0.7496,0.3918,0.4335,,,
repgrid,rag_hotpotqa_qwen7b,240,8,0,stft_spectral_entropy|sw_var_peak_spilled|logprob_margin|renyi_entropy_2,4,0.7757,0.6491,0.5473,,,
repgrid,rag_hotpotqa_qwen7b,240,9,0,spectral_entropy|pe_mean|min_energy|mean_top1_logprob|mean_logprob_entropy|renyi_entropy_2,6,0.804,0.6814,0.5788,,,
repgrid,rag_narrativeqa_llama70b,240,0,0,epr|stft_spectral_entropy|rpdi|cusum_max|sw_var_peak_spilled|mean_logprob_entropy,6,0.6208,0.5984,0.6171,,,
repgrid,rag_narrativeqa_llama70b,240,1,0,high_band_power|hl_ratio|renyi_entropy_2,3,0.6776,0.5868,0.6342,,,
repgrid,rag_narrativeqa_llama70b,240,2,0,stft_spectral_entropy|rpdi|hurst_exponent|cusum_max|cusum_max_energy|mean_top1_logprob,6,0.759,0.5266,0.5557,,,
repgrid,rag_narrativeqa_llama70b,240,3,0,stft_max_high_power|cusum_max|cusum_shift_idx|cusum_max_energy|topk_tail_mass,5,0.7379,0.5216,0.5258,,,
repgrid,rag_narrativeqa_llama70b,240,4,0,spectral_entropy|rpdi|hurst_exponent|cusum_max|cusum_max_energy,5,0.7759,0.5153,0.5519,,,
repgrid,rag_narrativeqa_llama70b,240,5,0,stft_max_high_power|rpdi|pe_mean|cusum_max|cusum_max_energy,5,0.7208,0.4235,0.5702,,,
repgrid,rag_narrativeqa_llama70b,240,6,0,stft_max_high_power|stft_spectral_entropy|cusum_max|cusum_max_energy|renyi_entropy_2,5,0.7464,0.5517,0.5238,,,
repgrid,rag_narrativeqa_llama70b,240,7,0,rpdi|cusum_max|epr_spilled|cusum_max_energy|mean_top1_logprob|renyi_entropy_2,6,0.7056,0.5866,0.543,,,
repgrid,rag_narrativeqa_llama70b,240,8,0,dominant_freq|stft_spectral_entropy|min_energy|sw_var_peak_energy|mean_top1_logprob|renyi_entropy_2,6,0.6276,0.562,0.636,,,
repgrid,rag_narrativeqa_llama70b,240,9,0,stft_max_high_power|stft_spectral_entropy|cusum_max|sw_var_peak_spilled|epr_energy,5,0.6814,0.592,0.5289,,,
repgrid,rag_narrativeqa_llama8b,240,0,0,high_band_power|cusum_shift_idx|sw_var_peak_spilled|min_spilled|cusum_max_energy|logprob_margin,6,0.8019,0.4206,0.394,,,
repgrid,rag_narrativeqa_llama8b,240,1,0,spectral_centroid|cusum_shift_idx|sw_var_peak_energy|logprob_margin|varentropy,5,0.753,0.6681,0.3862,,,
repgrid,rag_narrativeqa_llama8b,240,2,0,cusum_shift_idx|sw_var_peak_spilled|cusum_max_spilled|logprob_margin,4,0.76,0.5586,0.4205,,,
repgrid,rag_narrativeqa_llama8b,240,3,0,trace_length|low_band_power|logprob_margin|mean_logprob_entropy|varentropy,5,0.7307,0.5213,0.3848,,,
repgrid,rag_narrativeqa_llama8b,240,4,0,low_band_power|stft_spectral_entropy|rpdi|cusum_shift_idx|sw_var_peak_spilled|sw_var_peak_energy,6,0.8216,0.3781,0.392,,,
repgrid,rag_narrativeqa_llama8b,240,5,0,hurst_exponent|cusum_shift_idx|sw_var_peak_spilled|cusum_max_spilled|cusum_max_energy|varentropy,6,0.5398,0.4069,0.445,,,
repgrid,rag_narrativeqa_llama8b,240,6,0,high_band_power|hl_ratio|cusum_shift_idx|min_spilled,4,0.7327,0.6864,0.3755,,,
repgrid,rag_narrativeqa_llama8b,240,7,0,high_band_power|cusum_shift_idx|cusum_max_energy|logprob_margin|varentropy,5,0.8505,0.4447,0.3915,,,
repgrid,rag_narrativeqa_llama8b,240,8,0,low_band_power|cusum_shift_idx|min_spilled|sw_var_peak_energy|logprob_margin|varentropy,6,0.76,0.6759,0.3789,,,
repgrid,rag_narrativeqa_llama8b,240,9,0,epr|trace_length|dominant_freq|cusum_max_spilled,4,0.7655,0.5061,0.463,,,
repgrid,rag_narrativeqa_mistral24b,240,0,0,hl_ratio|spectral_centroid|stft_spectral_entropy|rpdi,4,0.7581,0.6624,0.6321,,,
repgrid,rag_narrativeqa_mistral24b,240,1,0,spectral_entropy|hl_ratio|spectral_centroid|rpdi,4,0.74,0.6641,0.6,,,
repgrid,rag_narrativeqa_mistral24b,240,2,0,spectral_entropy|stft_spectral_entropy|rpdi|min_spilled|cusum_max_energy,5,0.7196,0.6607,0.558,,,
repgrid,rag_narrativeqa_mistral24b,240,3,0,hl_ratio|stft_spectral_entropy|pe_mean|logprob_margin,4,0.6845,0.6851,0.6425,,,
repgrid,rag_narrativeqa_mistral24b,240,4,0,spectral_entropy|spectral_centroid|pe_mean|cusum_shift_idx|min_spilled|logprob_margin,6,0.7283,0.4213,0.561,,,
repgrid,rag_narrativeqa_mistral24b,240,5,0,spectral_entropy|low_band_power|stft_max_high_power|stft_spectral_entropy|rpdi,5,0.7484,0.6435,0.5185,,,
repgrid,rag_narrativeqa_mistral24b,240,6,0,spectral_entropy|low_band_power|stft_max_high_power|stft_spectral_entropy|rpdi,5,0.7773,0.6444,0.6013,,,
repgrid,rag_narrativeqa_mistral24b,240,7,0,epr|spectral_entropy|spectral_centroid|stft_max_high_power|stft_spectral_entropy|rpdi,6,0.9269,0.53,0.5036,,,
repgrid,rag_narrativeqa_mistral24b,240,8,0,high_band_power|hl_ratio|stft_spectral_entropy|hurst_exponent|cusum_shift_idx|min_spilled,6,0.7533,0.586,0.5894,,,
repgrid,rag_narrativeqa_mistral24b,240,9,0,spectral_entropy|stft_spectral_entropy|rpdi|cusum_max_spilled|cusum_max_energy,5,0.7898,0.6125,0.5425,,,
repgrid,rag_narrativeqa_qwen72b,240,0,0,trace_length|sw_var_peak|cusum_shift_idx|mean_logprob_entropy|renyi_entropy_2,5,0.8192,0.7435,0.7185,,,
repgrid,rag_narrativeqa_qwen72b,240,1,0,spectral_entropy|sw_var_peak|varentropy|topk_tail_mass,4,0.8344,0.6709,0.6473,,,
repgrid,rag_narrativeqa_qwen72b,240,2,0,epr|spectral_entropy|stft_max_high_power|sw_var_peak_spilled|mean_logprob_entropy|varentropy,6,0.8188,0.7371,0.6794,,,
repgrid,rag_narrativeqa_qwen72b,240,3,0,spectral_entropy|varentropy|topk_tail_mass,3,0.8089,0.757,0.7211,,,
repgrid,rag_narrativeqa_qwen72b,240,4,0,trace_length|high_band_power|stft_spectral_entropy|sw_var_peak|mean_logprob_entropy|varentropy,6,0.8254,0.6866,0.6722,,,
repgrid,rag_narrativeqa_qwen72b,240,5,0,spectral_entropy|pe_mean|mean_top1_logprob|varentropy|topk_tail_mass,5,0.8335,0.6998,0.6752,,,
repgrid,rag_narrativeqa_qwen72b,240,6,0,epr|spectral_entropy|hurst_exponent|cusum_shift_idx|mean_logprob_entropy|topk_tail_mass,6,0.7616,0.7644,0.7548,,,
repgrid,rag_narrativeqa_qwen72b,240,7,0,epr|spectral_entropy|stft_max_high_power|pe_mean|mean_logprob_entropy|varentropy,6,0.7327,0.8562,0.7699,,,
repgrid,rag_narrativeqa_qwen72b,240,8,0,epr|stft_max_high_power|logprob_margin|varentropy|topk_tail_mass,5,0.7565,0.7733,0.7487,,,
repgrid,rag_narrativeqa_qwen72b,240,9,0,epr|stft_max_high_power|rpdi|cusum_max_energy|mean_logprob_entropy|varentropy,6,0.8039,0.7332,0.7109,,,
repgrid,rag_narrativeqa_qwen7b,240,0,0,mean_logprob_entropy|varentropy|topk_tail_mass,3,0.7973,0.7291,0.7782,,,
repgrid,rag_narrativeqa_qwen7b,240,1,0,high_band_power|stft_max_high_power|sw_var_peak_energy|topk_tail_mass,4,0.7728,0.6903,0.7838,,,
repgrid,rag_narrativeqa_qwen7b,240,2,0,epr|spectral_entropy|high_band_power|stft_spectral_entropy|hurst_exponent|topk_tail_mass,6,0.7648,0.7357,0.7497,,,
repgrid,rag_narrativeqa_qwen7b,240,3,0,low_band_power|stft_spectral_entropy|mean_top1_logprob|mean_logprob_entropy|varentropy|topk_tail_mass,6,0.7648,0.8078,0.7508,,,
repgrid,rag_narrativeqa_qwen7b,240,4,0,high_band_power|pe_mean|min_energy|varentropy|topk_tail_mass,5,0.783,0.8436,0.8173,,,
repgrid,rag_narrativeqa_qwen7b,240,5,0,cusum_shift_idx|sw_var_peak_energy|cusum_max_energy|mean_top1_logprob|mean_logprob_entropy,5,0.7536,0.8518,0.8145,,,
repgrid,rag_narrativeqa_qwen7b,240,6,0,cusum_max_energy|mean_top1_logprob|mean_logprob_entropy|varentropy|topk_tail_mass,5,0.8569,0.7198,0.7339,,,
repgrid,rag_narrativeqa_qwen7b,240,7,0,pe_mean|cusum_max|varentropy|topk_tail_mass,4,0.7915,0.7287,0.7528,,,
repgrid,rag_narrativeqa_qwen7b,240,8,0,stft_spectral_entropy|pe_mean|mean_top1_logprob|renyi_entropy_2,4,0.74,0.7873,0.7791,,,
repgrid,rag_narrativeqa_qwen7b,240,9,0,epr|high_band_power|pe_mean|mean_logprob_entropy|renyi_entropy_2,5,0.7783,0.8056,0.8026,,,
repgrid,rag_natural_questions_llama70b,160,0,0,stft_max_high_power|cusum_shift_idx|sw_var_peak_spilled|sw_var_peak_energy|cusum_max_energy|logprob_margin,6,0.6667,0.3927,0.4535,,,
repgrid,rag_natural_questions_llama70b,160,1,0,stft_max_high_power|pe_mean|epr_spilled|sw_var_peak_spilled,4,0.5947,0.3455,0.3889,,,
repgrid,rag_natural_questions_llama70b,160,2,0,low_band_power|stft_max_high_power|sw_var_peak_spilled|cusum_max_energy,4,0.6234,0.4792,0.4688,,,
repgrid,rag_natural_questions_llama70b,160,3,0,stft_max_high_power|rpdi|cusum_max|cusum_max_spilled|min_energy|cusum_max_energy,6,0.666,0.2293,0.3013,,,
repgrid,rag_natural_questions_llama70b,160,4,0,low_band_power|stft_max_high_power|sw_var_peak_spilled|cusum_max_spilled|cusum_max_energy|mean_logprob_entropy,6,0.5362,0.4114,0.4371,,,
repgrid,rag_natural_questions_llama70b,160,5,0,stft_max_high_power|hurst_exponent|sw_var_peak_spilled|cusum_max_energy,4,0.771,0.6212,0.4383,,,
repgrid,rag_natural_questions_llama70b,160,6,0,stft_max_high_power|pe_mean|varentropy|topk_tail_mass,4,0.7443,0.3518,0.3452,,,
repgrid,rag_natural_questions_llama70b,160,7,0,trace_length|low_band_power|stft_max_high_power|epr_energy|cusum_max_energy,5,0.5591,0.4323,0.5052,,,
repgrid,rag_natural_questions_llama70b,160,8,0,trace_length|low_band_power|dominant_freq|stft_max_high_power|sw_var_peak_spilled,5,0.6785,0.5043,0.3486,,,
repgrid,rag_natural_questions_llama70b,160,9,0,trace_length|low_band_power|stft_max_high_power|pe_mean|sw_var_peak_spilled|cusum_max_spilled,6,0.5442,0.6319,0.3403,,,
repgrid,rag_natural_questions_llama8b,160,0,0,pe_mean|cusum_shift_idx|sw_var_peak_spilled|cusum_max_spilled|mean_logprob_entropy,5,0.4967,0.2785,0.0886,,,
repgrid,rag_natural_questions_llama8b,160,1,0,trace_length|cusum_shift_idx|epr_spilled|sw_var_peak_spilled|varentropy|topk_tail_mass,6,0.5757,0.0759,0.1266,,,
repgrid,rag_natural_questions_llama8b,160,2,0,trace_length|epr_spilled|sw_var_peak_spilled|cusum_max_spilled|logprob_margin|varentropy,6,0.4038,0.316,0.303,,,
repgrid,rag_natural_questions_llama8b,160,3,0,trace_length|spectral_centroid|cusum_shift_idx|sw_var_peak_spilled|mean_logprob_entropy|varentropy,6,0.5724,0.1013,0.2405,,,
repgrid,rag_natural_questions_llama8b,160,4,0,sw_var_peak|pe_mean|epr_spilled|min_spilled|epr_energy|sw_var_peak_energy,6,0.1266,0.477,0.3882,,,
repgrid,rag_natural_questions_llama8b,160,5,0,low_band_power|cusum_shift_idx|sw_var_peak_spilled|cusum_max_spilled|cusum_max_energy,5,0.5455,0.4038,0.3205,,,
repgrid,rag_natural_questions_llama8b,160,6,0,pe_mean|epr_spilled|cusum_max_spilled|min_spilled|min_energy|sw_var_peak_energy,6,0.5974,0.4615,0.2821,,,
repgrid,rag_natural_questions_llama8b,160,7,0,high_band_power|dominant_freq|hurst_exponent|cusum_shift_idx|epr_spilled|sw_var_peak_spilled,6,0.5974,0.3269,0.2051,,,
repgrid,rag_natural_questions_llama8b,160,8,0,high_band_power|rpdi|hurst_exponent|cusum_shift_idx|sw_var_peak_spilled|varentropy,6,0.7051,0.4026,0.1948,,,
repgrid,rag_natural_questions_llama8b,160,9,0,dominant_freq|cusum_max|cusum_shift_idx|sw_var_peak_spilled|cusum_max_energy,5,0.8333,0.3377,0.2381,,,
repgrid,rag_natural_questions_mistral24b,160,0,0,trace_length|dominant_freq|rpdi|cusum_shift_idx|cusum_max_spilled|topk_tail_mass,6,0.2208,0.602,0.4934,,,
repgrid,rag_natural_questions_mistral24b,160,1,0,high_band_power|hl_ratio|spectral_centroid|pe_mean|cusum_shift_idx|min_energy,6,0.7632,0.29,0.2424,,,
repgrid,rag_natural_questions_mistral24b,160,2,0,trace_length|dominant_freq|stft_max_high_power|rpdi|cusum_shift_idx|sw_var_peak_spilled,6,0.3797,0.3694,0.3761,,,
repgrid,rag_natural_questions_mistral24b,160,3,0,stft_max_high_power|cusum_max|cusum_shift_idx|mean_top1_logprob|renyi_entropy_2,5,0.9615,0.352,0.2027,,,
repgrid,rag_natural_questions_mistral24b,160,4,0,epr|high_band_power|rpdi|cusum_shift_idx|mean_logprob_entropy|renyi_entropy_2,6,0.8882,0.1515,0.0952,,,
repgrid,rag_natural_questions_mistral24b,160,5,0,stft_spectral_entropy|cusum_shift_idx|epr_spilled|mean_logprob_entropy|varentropy|topk_tail_mass,6,0.9808,0.2827,0.2773,,,
repgrid,rag_natural_questions_mistral24b,160,6,0,trace_length|high_band_power|hl_ratio|rpdi|pe_mean|min_spilled,6,0.859,0.656,0.3653,,,
repgrid,rag_natural_questions_mistral24b,160,7,0,trace_length|spectral_centroid|pe_mean|cusum_shift_idx|epr_spilled|cusum_max_spilled,6,0.1603,0.432,0.488,,,
repgrid,rag_natural_questions_mistral24b,160,8,0,high_band_power|hl_ratio|dominant_freq|rpdi|cusum_shift_idx|sw_var_peak_spilled,6,0.4937,0.4167,0.3694,,,
repgrid,rag_natural_questions_mistral24b,160,9,0,trace_length|rpdi|hurst_exponent|cusum_shift_idx|cusum_max_spilled|min_energy,6,0.4009,0.4937,0.6962,,,
repgrid,rag_natural_questions_qwen72b,160,0,0,epr|spectral_centroid|rpdi|sw_var_peak|sw_var_peak_spilled|renyi_entropy_2,6,0.8785,0.7154,0.6645,,,
repgrid,rag_natural_questions_qwen72b,160,1,0,spectral_entropy|rpdi|sw_var_peak|hurst_exponent|sw_var_peak_spilled|logprob_margin,6,0.9429,0.6875,0.6532,,,
repgrid,rag_natural_questions_qwen72b,160,2,0,sw_var_peak_spilled|mean_logprob_entropy|varentropy|topk_tail_mass,4,0.8857,0.6973,0.6569,,,
repgrid,rag_natural_questions_qwen72b,160,3,0,sw_var_peak|pe_mean|sw_var_peak_energy|mean_logprob_entropy|topk_tail_mass,5,0.8748,0.6697,0.6872,,,
repgrid,rag_natural_questions_qwen72b,160,4,0,hl_ratio|rpdi|logprob_margin|varentropy,4,0.7943,0.7806,0.7292,,,
repgrid,rag_natural_questions_qwen72b,160,5,0,epr|stft_max_high_power|cusum_shift_idx|sw_var_peak_spilled|logprob_margin|mean_logprob_entropy,6,0.86,0.6887,0.6777,,,
repgrid,rag_natural_questions_qwen72b,160,6,0,epr|spectral_entropy|pe_mean|mean_top1_logprob|renyi_entropy_2,5,0.831,0.7279,0.7026,,,
repgrid,rag_natural_questions_qwen72b,160,7,0,spectral_entropy|rpdi|sw_var_peak|renyi_entropy_2|topk_tail_mass,5,0.7325,0.8458,0.7708,,,
repgrid,rag_natural_questions_qwen72b,160,8,0,spectral_entropy|rpdi|pe_mean|logprob_margin,4,0.8779,0.7268,0.6785,,,
repgrid,rag_natural_questions_qwen72b,160,9,0,dominant_freq|rpdi|cusum_max_spilled|logprob_margin|varentropy,5,0.9043,0.6801,0.6875,,,
repgrid,rag_natural_questions_qwen7b,160,0,0,spectral_entropy|hl_ratio|dominant_freq|stft_max_high_power|hurst_exponent|cusum_shift_idx,6,0.6347,0.7045,0.7084,,,
repgrid,rag_natural_questions_qwen7b,160,1,0,spectral_entropy|high_band_power|stft_max_high_power|stft_spectral_entropy|pe_mean,5,0.773,0.656,0.7307,,,
repgrid,rag_natural_questions_qwen7b,160,2,0,high_band_power|hl_ratio|spectral_centroid|cusum_shift_idx|logprob_margin,5,0.8693,0.7495,0.7828,,,
repgrid,rag_natural_questions_qwen7b,160,3,0,low_band_power|spectral_centroid|stft_max_high_power|cusum_shift_idx|sw_var_peak_spilled|epr_energy,6,0.6107,0.6458,0.6791,,,
repgrid,rag_natural_questions_qwen7b,160,4,0,trace_length|stft_spectral_entropy|sw_var_peak|varentropy,4,0.6734,0.6284,0.6847,,,
repgrid,rag_natural_questions_qwen7b,160,5,0,low_band_power|hl_ratio|dominant_freq|rpdi|cusum_shift_idx|min_energy,6,0.6645,0.4826,0.6719,,,
repgrid,rag_natural_questions_qwen7b,160,6,0,high_band_power|hl_ratio|hurst_exponent|epr_energy,4,0.848,0.7319,0.7613,,,
repgrid,rag_natural_questions_qwen7b,160,7,0,spectral_entropy|stft_spectral_entropy|sw_var_peak,3,0.6119,0.8139,0.7403,,,
repgrid,rag_natural_questions_qwen7b,160,8,0,spectral_entropy|hl_ratio|sw_var_peak|cusum_shift_idx|varentropy,5,0.8133,0.6106,0.6164,,,
repgrid,rag_natural_questions_qwen7b,160,9,0,stft_max_high_power|stft_spectral_entropy|pe_mean|hurst_exponent|epr_spilled|sw_var_peak_spilled,6,0.8243,0.5495,0.6059,,,
repgrid,sciq_llama8b,198,0,0,epr|stft_spectral_entropy|hurst_exponent|logprob_margin|varentropy,5,0.8462,0.6837,0.6827,epr|spectral_entropy|hl_ratio,0.7195,0.7609
repgrid,sciq_llama8b,198,1,0,epr|trace_length|stft_spectral_entropy|epr_energy|mean_logprob_entropy|varentropy,6,0.8,0.7319,0.7287,epr|spectral_entropy|hl_ratio,0.7392,0.7609
repgrid,sciq_llama8b,198,2,0,spectral_entropy|spectral_centroid|stft_spectral_entropy|cusum_max|logprob_margin|varentropy,6,0.7626,0.7593,0.7446,epr|spectral_entropy|hl_ratio,0.7921,0.7609
repgrid,sciq_llama8b,198,3,0,epr|spectral_entropy|low_band_power|stft_spectral_entropy|mean_logprob_entropy|varentropy,6,0.7099,0.8335,0.8017,epr|spectral_entropy|hl_ratio,0.8406,0.7609
repgrid,sciq_llama8b,198,4,0,epr|hl_ratio|stft_spectral_entropy|logprob_margin|varentropy,5,0.722,0.7946,0.8384,epr|spectral_entropy|hl_ratio,0.8313,0.7609
repgrid,sciq_llama8b,198,5,0,epr|spectral_entropy|spectral_centroid|stft_max_high_power|rpdi|varentropy,6,0.7879,0.7381,0.7196,epr|spectral_entropy|hl_ratio,0.7737,0.7609
repgrid,sciq_llama8b,198,6,0,epr|spectral_entropy|dominant_freq|stft_spectral_entropy|logprob_margin|varentropy,6,0.7974,0.7257,0.7306,epr|spectral_entropy|hl_ratio,0.7474,0.7609
repgrid,sciq_llama8b,198,7,0,epr|stft_spectral_entropy|rpdi|sw_var_peak_energy|logprob_margin|varentropy,6,0.8534,0.6644,0.7048,epr|spectral_entropy|hl_ratio,0.7089,0.7609
repgrid,sciq_llama8b,198,8,0,epr|high_band_power|stft_max_high_power|cusum_max_energy|mean_logprob_entropy|varentropy,6,0.7925,0.6982,0.7371,epr|spectral_entropy|hl_ratio,0.7575,0.7609
repgrid,sciq_llama8b,198,9,0,epr|spectral_entropy|rpdi|mean_logprob_entropy|varentropy,5,0.8069,0.7081,0.7156,epr|spectral_entropy|hl_ratio,0.7213,0.7609
repgrid,se_nq_open_llama8b,8460,0,0,pe_mean|cusum_max_spilled|epr_energy|mean_logprob_entropy|varentropy|topk_tail_mass,6,0.7515,0.7647,0.7244,epr|hl_ratio|sw_var_peak|pe_mean,0.7479,0.7428
repgrid,se_nq_open_llama8b,8460,1,0,trace_length|epr_energy|mean_logprob_entropy|varentropy|topk_tail_mass,5,0.766,0.7532,0.7076,epr|hl_ratio|sw_var_peak|pe_mean,0.7062,0.7428
repgrid,se_nq_open_llama8b,8460,2,0,trace_length|epr_energy|mean_logprob_entropy|varentropy|topk_tail_mass,5,0.757,0.7595,0.7184,epr|hl_ratio|sw_var_peak|pe_mean,0.7475,0.7428
repgrid,se_nq_open_llama8b,8460,3,0,trace_length|epr_energy|mean_logprob_entropy|varentropy|topk_tail_mass,5,0.7629,0.7563,0.7128,epr|hl_ratio|sw_var_peak|pe_mean,0.7398,0.7428
repgrid,se_nq_open_llama8b,8460,4,0,epr|trace_length|epr_energy|mean_logprob_entropy|varentropy|topk_tail_mass,6,0.7662,0.7488,0.716,epr|hl_ratio|sw_var_peak|pe_mean,0.7367,0.7428
repgrid,se_nq_open_llama8b,8460,5,0,spectral_entropy|epr_energy|mean_logprob_entropy|varentropy|topk_tail_mass,5,0.7576,0.7612,0.7168,epr|hl_ratio|sw_var_peak|pe_mean,0.7004,0.7428
repgrid,se_nq_open_llama8b,8460,6,0,pe_mean|cusum_max_spilled|epr_energy|mean_logprob_entropy|varentropy|topk_tail_mass,6,0.7444,0.7717,0.7298,epr|hl_ratio|sw_var_peak|pe_mean,0.6744,0.7428
repgrid,se_nq_open_llama8b,8460,7,0,epr|spectral_entropy|epr_energy|mean_logprob_entropy|varentropy|topk_tail_mass,6,0.7503,0.7657,0.7253,epr|hl_ratio|sw_var_peak|pe_mean,0.6264,0.7428
repgrid,se_nq_open_llama8b,8460,8,0,sw_var_peak|cusum_max_spilled|epr_energy|mean_logprob_entropy|varentropy|topk_tail_mass,6,0.7533,0.7622,0.7206,epr|hl_ratio|sw_var_peak|pe_mean,0.6832,0.7428
repgrid,se_nq_open_llama8b,8460,9,0,epr|cusum_max_spilled|min_energy|mean_logprob_entropy|varentropy|topk_tail_mass,6,0.7623,0.7505,0.7155,epr|hl_ratio|sw_var_peak|pe_mean,0.685,0.7428
repgrid,se_squad_v2_llama8b,2933,0,0,trace_length|spectral_entropy|cusum_max|min_energy|logprob_margin|topk_tail_mass,6,0.8288,0.8309,0.8025,epr|trace_length|spectral_entropy|sw_var_peak|hurst_exponent,0.8176,0.8181
repgrid,se_squad_v2_llama8b,2933,1,0,spectral_entropy|cusum_max|min_energy|logprob_margin|varentropy|topk_tail_mass,6,0.8353,0.8325,0.8007,epr|trace_length|spectral_entropy|sw_var_peak|hurst_exponent,0.8202,0.8181
repgrid,se_squad_v2_llama8b,2933,2,0,trace_length|sw_var_peak|cusum_max|min_energy|varentropy|topk_tail_mass,6,0.8289,0.8118,0.7851,epr|trace_length|spectral_entropy|sw_var_peak|hurst_exponent,0.8049,0.8181
repgrid,se_squad_v2_llama8b,2933,3,0,spectral_entropy|cusum_max|min_energy|logprob_margin|varentropy|topk_tail_mass,6,0.8194,0.8455,0.8142,epr|trace_length|spectral_entropy|sw_var_peak|hurst_exponent,0.8342,0.8181
repgrid,se_squad_v2_llama8b,2933,4,0,spectral_entropy|cusum_max|min_energy|logprob_margin|varentropy|topk_tail_mass,6,0.8343,0.8301,0.8125,epr|trace_length|spectral_entropy|sw_var_peak|hurst_exponent,0.8261,0.8181
repgrid,se_squad_v2_llama8b,2933,5,0,trace_length|cusum_max|min_energy|cusum_max_energy|logprob_margin|topk_tail_mass,6,0.8467,0.8136,0.7921,epr|trace_length|spectral_entropy|sw_var_peak|hurst_exponent,0.8093,0.8181
repgrid,se_squad_v2_llama8b,2933,6,0,spectral_entropy|hurst_exponent|cusum_max|min_energy|logprob_margin|topk_tail_mass,6,0.8425,0.8252,0.7847,epr|trace_length|spectral_entropy|sw_var_peak|hurst_exponent,0.8072,0.8181
repgrid,se_squad_v2_llama8b,2933,7,0,trace_length|hurst_exponent|cusum_max|cusum_max_energy|logprob_margin|topk_tail_mass,6,0.8354,0.8189,0.7909,epr|trace_length|spectral_entropy|sw_var_peak|hurst_exponent,0.8082,0.8181
repgrid,se_squad_v2_llama8b,2933,8,0,spectral_entropy|hurst_exponent|cusum_max|min_energy|logprob_margin|topk_tail_mass,6,0.8329,0.8345,0.8002,epr|trace_length|spectral_entropy|sw_var_peak|hurst_exponent,0.814,0.8181
repgrid,se_squad_v2_llama8b,2933,9,0,trace_length|cusum_max|min_energy|cusum_max_energy|logprob_margin|topk_tail_mass,6,0.8299,0.8345,0.8063,epr|trace_length|spectral_entropy|sw_var_peak|hurst_exponent,0.8256,0.8181
repgrid,seiclr_triviaqa_opt30b,4993,0,0,cusum_max|cusum_shift_idx|min_energy|cusum_max_energy|mean_top1_logprob,5,0.6658,0.6719,0.6008,sw_var_peak|cusum_max|cusum_shift_idx,0.6393,0.6325
repgrid,seiclr_triviaqa_opt30b,4993,1,0,cusum_max|cusum_shift_idx|min_energy|cusum_max_energy|mean_top1_logprob,5,0.6709,0.3676,0.5971,sw_var_peak|cusum_max|cusum_shift_idx,0.6309,0.6325
repgrid,seiclr_triviaqa_opt30b,4993,2,0,cusum_max|min_energy|cusum_max_energy|mean_top1_logprob,4,0.6533,0.6616,0.5945,sw_var_peak|cusum_max|cusum_shift_idx,0.6345,0.6325
repgrid,seiclr_triviaqa_opt30b,4993,3,0,cusum_max|cusum_shift_idx|min_energy|cusum_max_energy|mean_top1_logprob,5,0.6821,0.3849,0.5889,sw_var_peak|cusum_max|cusum_shift_idx,0.6155,0.6325
repgrid,seiclr_triviaqa_opt30b,4993,4,0,sw_var_peak|cusum_max|cusum_shift_idx|epr_spilled|min_energy|cusum_max_energy,6,0.6681,0.6464,0.584,sw_var_peak|cusum_max|cusum_shift_idx,0.6254,0.6325
repgrid,seiclr_triviaqa_opt30b,4993,5,0,cusum_max|cusum_max_energy|mean_top1_logprob,3,0.6297,0.6451,0.6019,sw_var_peak|cusum_max|cusum_shift_idx,0.6383,0.6325
repgrid,seiclr_triviaqa_opt30b,4993,6,0,sw_var_peak|cusum_max|cusum_shift_idx|cusum_max_spilled|min_energy|cusum_max_energy,6,0.6637,0.6447,0.5874,sw_var_peak|cusum_max|cusum_shift_idx,0.6215,0.6325
repgrid,seiclr_triviaqa_opt30b,4993,7,0,cusum_max|cusum_shift_idx|min_energy|cusum_max_energy|mean_top1_logprob,5,0.6709,0.6669,0.5973,sw_var_peak|cusum_max|cusum_shift_idx,0.6276,0.6325
repgrid,seiclr_triviaqa_opt30b,4993,8,0,cusum_max|cusum_shift_idx|cusum_max_spilled|min_energy|cusum_max_energy|mean_top1_logprob,6,0.667,0.6593,0.5925,sw_var_peak|cusum_max|cusum_shift_idx,0.629,0.6325
repgrid,seiclr_triviaqa_opt30b,4993,9,0,cusum_max|cusum_shift_idx|min_energy|cusum_max_energy|mean_top1_logprob,5,0.6678,0.6406,0.597,sw_var_peak|cusum_max|cusum_shift_idx,0.6338,0.6325
repgrid,semenergy_triviaqa_qwen3_8b,4392,0,0,epr|spectral_centroid|cusum_max|sw_var_peak_spilled|varentropy|topk_tail_mass,6,0.8346,0.8051,0.7918,epr|low_band_power|dominant_freq|sw_var_peak|cusum_max,0.7954,0.8094
repgrid,semenergy_triviaqa_qwen3_8b,4392,1,0,sw_var_peak|varentropy|topk_tail_mass,3,0.8242,0.8127,0.7991,epr|low_band_power|dominant_freq|sw_var_peak|cusum_max,0.8082,0.8094
repgrid,semenergy_triviaqa_qwen3_8b,4392,2,0,sw_var_peak|varentropy|topk_tail_mass,3,0.813,0.8248,0.8118,epr|low_band_power|dominant_freq|sw_var_peak|cusum_max,0.8204,0.8094
repgrid,semenergy_triviaqa_qwen3_8b,4392,3,0,sw_var_peak|varentropy|topk_tail_mass,3,0.8072,0.8303,0.8085,epr|low_band_power|dominant_freq|sw_var_peak|cusum_max,0.8192,0.8094
repgrid,semenergy_triviaqa_qwen3_8b,4392,4,0,sw_var_peak|varentropy|topk_tail_mass,3,0.8207,0.8166,0.7972,epr|low_band_power|dominant_freq|sw_var_peak|cusum_max,0.8035,0.8094
repgrid,semenergy_triviaqa_qwen3_8b,4392,5,0,spectral_centroid|sw_var_peak|sw_var_peak_spilled|varentropy|topk_tail_mass,5,0.8238,0.8169,0.7977,epr|low_band_power|dominant_freq|sw_var_peak|cusum_max,0.8041,0.8094
repgrid,semenergy_triviaqa_qwen3_8b,4392,6,0,sw_var_peak|varentropy|topk_tail_mass,3,0.8173,0.8204,0.8026,epr|low_band_power|dominant_freq|sw_var_peak|cusum_max,0.8101,0.8094
repgrid,semenergy_triviaqa_qwen3_8b,4392,7,0,sw_var_peak|varentropy|topk_tail_mass,3,0.8155,0.8216,0.8052,epr|low_band_power|dominant_freq|sw_var_peak|cusum_max,0.8108,0.8094
repgrid,semenergy_triviaqa_qwen3_8b,4392,8,0,sw_var_peak|cusum_max|min_energy|cusum_max_energy|varentropy|topk_tail_mass,6,0.8359,0.8107,0.7868,epr|low_band_power|dominant_freq|sw_var_peak|cusum_max,0.7966,0.8094
repgrid,semenergy_triviaqa_qwen3_8b,4392,9,0,spectral_centroid|sw_var_peak|cusum_max|sw_var_peak_spilled|varentropy|topk_tail_mass,6,0.8212,0.8239,0.7981,epr|low_band_power|dominant_freq|sw_var_peak|cusum_max,0.8047,0.8094
repgrid,spilled_triviaqa_llama8b,256,0,0,spectral_entropy|low_band_power|cusum_shift_idx|cusum_max_spilled|cusum_max_energy|varentropy,6,1.0,0.9286,0.9563,epr|trace_length|spectral_entropy|cusum_max|cusum_shift_idx,0.9802,0.9827
repgrid,spilled_triviaqa_llama8b,256,1,0,dominant_freq|mean_top1_logprob|logprob_margin|renyi_entropy_2,4,1.0,0.6548,0.9206,epr|trace_length|spectral_entropy|cusum_max|cusum_shift_idx,0.9762,0.9827
repgrid,spilled_triviaqa_llama8b,256,2,0,epr|hl_ratio|cusum_shift_idx|mean_top1_logprob|logprob_margin|renyi_entropy_2,6,0.9935,0.7638,0.8031,epr|trace_length|spectral_entropy|cusum_max|cusum_shift_idx,0.9134,0.9827
repgrid,spilled_triviaqa_llama8b,256,3,0,trace_length|spectral_entropy|cusum_max_energy|logprob_margin,4,1.0,0.9325,0.869,epr|trace_length|spectral_entropy|cusum_max|cusum_shift_idx,0.9048,0.9827
repgrid,spilled_triviaqa_llama8b,256,4,0,high_band_power|mean_top1_logprob|logprob_margin|renyi_entropy_2,4,1.0,0.8004,0.9456,epr|trace_length|spectral_entropy|cusum_max|cusum_shift_idx,0.9516,0.9827
repgrid,spilled_triviaqa_llama8b,256,5,0,spectral_entropy|cusum_shift_idx|sw_var_peak_spilled|cusum_max_spilled|cusum_max_energy|varentropy,6,0.9787,0.9947,0.9547,epr|trace_length|spectral_entropy|cusum_max|cusum_shift_idx,0.992,0.9827
repgrid,spilled_triviaqa_llama8b,256,6,0,spectral_entropy|cusum_shift_idx|logprob_margin|varentropy,4,0.9859,0.9921,0.9881,epr|trace_length|spectral_entropy|cusum_max|cusum_shift_idx,0.9167,0.9827
repgrid,spilled_triviaqa_llama8b,256,7,0,spectral_entropy|cusum_shift_idx|cusum_max_energy|varentropy,4,0.9973,0.976,0.9733,epr|trace_length|spectral_entropy|cusum_max|cusum_shift_idx,0.9467,0.9827
repgrid,spilled_triviaqa_llama8b,256,8,0,spectral_entropy|cusum_shift_idx|cusum_max_energy|varentropy,4,0.9921,0.9738,0.9758,epr|trace_length|spectral_entropy|cusum_max|cusum_shift_idx,0.9879,0.9827
repgrid,spilled_triviaqa_llama8b,256,9,0,dominant_freq|mean_top1_logprob|logprob_margin|renyi_entropy_2,4,1.0,0.8085,0.9456,epr|trace_length|spectral_entropy|cusum_max|cusum_shift_idx,0.9819,0.9827
repgrid,trace_gpqa_r1qwen7b,1880,0,0,low_band_power|dominant_freq|hurst_exponent|cusum_max|cusum_max_energy,5,0.5249,0.4761,0.4826,,,
repgrid,trace_gpqa_r1qwen7b,1880,1,0,dominant_freq|rpdi|hurst_exponent|cusum_max|cusum_shift_idx|topk_tail_mass,6,0.5278,0.4853,0.4486,,,
repgrid,trace_gpqa_r1qwen7b,1880,2,0,low_band_power|rpdi|hurst_exponent|cusum_shift_idx|cusum_max_energy,5,0.5342,0.466,0.4655,,,
repgrid,trace_gpqa_r1qwen7b,1880,3,0,low_band_power|rpdi|sw_var_peak_spilled|min_energy|sw_var_peak_energy|cusum_max_energy,6,0.5111,0.4899,0.4721,,,
repgrid,trace_gpqa_r1qwen7b,1880,4,0,low_band_power|hurst_exponent|cusum_shift_idx|cusum_max_spilled|epr_energy,5,0.4977,0.4945,0.4855,,,
repgrid,trace_gpqa_r1qwen7b,1880,5,0,low_band_power|sw_var_peak|cusum_shift_idx|cusum_max_spilled|sw_var_peak_energy|cusum_max_energy,6,0.5177,0.4644,0.4637,,,
repgrid,trace_gpqa_r1qwen7b,1880,6,0,low_band_power|dominant_freq|cusum_shift_idx|sw_var_peak_spilled|min_energy|logprob_margin,6,0.5292,0.469,0.4781,,,
repgrid,trace_gpqa_r1qwen7b,1880,7,0,low_band_power|pe_mean|hurst_exponent|cusum_shift_idx|epr_energy,5,0.4851,0.4687,0.4855,,,
repgrid,trace_gpqa_r1qwen7b,1880,8,0,low_band_power|hurst_exponent|cusum_max|cusum_shift_idx|epr_energy|min_energy,6,0.5101,0.4722,0.4677,,,
repgrid,trace_gpqa_r1qwen7b,1880,9,0,dominant_freq|hurst_exponent|cusum_max_energy|logprob_margin,4,0.5359,0.4735,0.4483,,,
repgrid,trace_gsm8k_llama8b_k10,5000,0,0,trace_length|rpdi|cusum_max|logprob_margin|varentropy|topk_tail_mass,6,0.8253,0.8265,0.8043,,,
repgrid,trace_gsm8k_llama8b_k10,5000,1,0,trace_length|rpdi|cusum_max_energy|mean_logprob_entropy|varentropy|topk_tail_mass,6,0.8356,0.81,0.7869,,,
repgrid,trace_gsm8k_llama8b_k10,5000,2,0,trace_length|rpdi|logprob_margin|mean_logprob_entropy|varentropy|topk_tail_mass,6,0.8314,0.811,0.8013,,,
repgrid,trace_gsm8k_llama8b_k10,5000,3,0,trace_length|rpdi|epr_energy|mean_logprob_entropy|varentropy|topk_tail_mass,6,0.8125,0.836,0.808,,,
repgrid,trace_gsm8k_llama8b_k10,5000,4,0,trace_length|rpdi|cusum_max|logprob_margin|varentropy|topk_tail_mass,6,0.8125,0.8383,0.8085,,,
repgrid,trace_gsm8k_llama8b_k10,5000,5,0,trace_length|rpdi|mean_logprob_entropy|varentropy|topk_tail_mass,5,0.835,0.8119,0.8,,,
repgrid,trace_gsm8k_llama8b_k10,5000,6,0,trace_length|rpdi|epr_energy|mean_logprob_entropy|varentropy|topk_tail_mass,6,0.8296,0.8178,0.7906,,,
repgrid,trace_gsm8k_llama8b_k10,5000,7,0,trace_length|rpdi|epr_energy|logprob_margin|varentropy|topk_tail_mass,6,0.8256,0.8225,0.8043,,,
repgrid,trace_gsm8k_llama8b_k10,5000,8,0,trace_length|rpdi|logprob_margin|mean_logprob_entropy|varentropy|topk_tail_mass,6,0.8257,0.8169,0.7997,,,
repgrid,trace_gsm8k_llama8b_k10,5000,9,0,trace_length|rpdi|cusum_max_energy|mean_logprob_entropy|varentropy|topk_tail_mass,6,0.817,0.8278,0.8115,,,
repgrid,trace_math500_qwenmath15b_k10,3000,0,0,trace_length|rpdi|cusum_max|epr_energy|logprob_margin|varentropy,6,0.7277,0.7065,0.6525,,,
repgrid,trace_math500_qwenmath15b_k10,3000,1,0,trace_length|rpdi|cusum_max|epr_energy|logprob_margin|varentropy,6,0.6988,0.7341,0.6784,,,
repgrid,trace_math500_qwenmath15b_k10,3000,2,0,rpdi|cusum_max|epr_energy|sw_var_peak_energy|logprob_margin|varentropy,6,0.7032,0.7072,0.6711,,,
repgrid,trace_math500_qwenmath15b_k10,3000,3,0,trace_length|rpdi|cusum_max|epr_energy|logprob_margin|varentropy,6,0.7089,0.7217,0.6643,,,
repgrid,trace_math500_qwenmath15b_k10,3000,4,0,trace_length|cusum_max|epr_energy|sw_var_peak_energy|logprob_margin|varentropy,6,0.6922,0.7251,0.6865,,,
repgrid,trace_math500_qwenmath15b_k10,3000,5,0,trace_length|rpdi|cusum_max|epr_energy|logprob_margin|varentropy,6,0.7154,0.7163,0.6702,,,
repgrid,trace_math500_qwenmath15b_k10,3000,6,0,trace_length|cusum_max|epr_energy|min_energy|logprob_margin|varentropy,6,0.7113,0.7102,0.6591,,,
repgrid,trace_math500_qwenmath15b_k10,3000,7,0,trace_length|stft_max_high_power|cusum_max|epr_energy|logprob_margin|varentropy,6,0.7106,0.7198,0.6705,,,
repgrid,trace_math500_qwenmath15b_k10,3000,8,0,trace_length|rpdi|cusum_max|epr_energy|logprob_margin|varentropy,6,0.7321,0.7025,0.6559,,,
repgrid,trace_math500_qwenmath15b_k10,3000,9,0,trace_length|rpdi|cusum_max|epr_energy|logprob_margin|varentropy,6,0.7108,0.7213,0.6684,,,
repgrid,truthfulqa_llama8b,7633,0,0,spectral_entropy|cusum_max|epr_energy|cusum_max_energy,4,0.6855,0.6956,0.664,epr|trace_length|spectral_entropy,0.6911,0.6878
repgrid,truthfulqa_llama8b,7633,1,0,trace_length|spectral_entropy|cusum_max|epr_energy|min_energy|cusum_max_energy,6,0.7039,0.6836,0.6526,epr|trace_length|spectral_entropy,0.6765,0.6878
repgrid,truthfulqa_llama8b,7633,2,0,trace_length|spectral_entropy|cusum_max|epr_energy|min_energy|cusum_max_energy,6,0.7013,0.6868,0.6575,epr|trace_length|spectral_entropy,0.6815,0.6878
repgrid,truthfulqa_llama8b,7633,3,0,spectral_entropy|cusum_max|epr_energy|cusum_max_energy,4,0.6958,0.6852,0.6617,epr|trace_length|spectral_entropy,0.685,0.6878
repgrid,truthfulqa_llama8b,7633,4,0,trace_length|spectral_entropy|cusum_max|epr_energy|min_energy|cusum_max_energy,6,0.6917,0.6942,0.6645,epr|trace_length|spectral_entropy,0.6928,0.6878
repgrid,truthfulqa_llama8b,7633,5,0,trace_length|spectral_entropy|sw_var_peak|cusum_max|epr_energy|min_energy,6,0.6973,0.6919,0.6625,epr|trace_length|spectral_entropy,0.6919,0.6878
repgrid,truthfulqa_llama8b,7633,6,0,spectral_entropy|cusum_max|epr_energy|cusum_max_energy,4,0.7042,0.6769,0.6453,epr|trace_length|spectral_entropy,0.6774,0.6878
repgrid,truthfulqa_llama8b,7633,7,0,spectral_entropy|cusum_max|epr_energy|cusum_max_energy,4,0.7055,0.6774,0.6493,epr|trace_length|spectral_entropy,0.6735,0.6878
repgrid,truthfulqa_llama8b,7633,8,0,trace_length|spectral_entropy|sw_var_peak|cusum_max|epr_energy|min_energy,6,0.6747,0.713,0.6742,epr|trace_length|spectral_entropy,0.704,0.6878
repgrid,truthfulqa_llama8b,7633,9,0,trace_length|spectral_entropy|cusum_max|sw_var_peak_spilled|epr_energy|cusum_max_energy,6,0.6893,0.6896,0.6682,epr|trace_length|spectral_entropy,0.6945,0.6878
