domain,cell,feature,rate_top1pct,rate_bottom50,rate_all,marginal_lift,single_auroc
gpqa,DeepSeek-R1-Distill-Llama-8B_T1.0,epr,0.2788,0.5053,0.5024,0.0001,0.5485
gpqa,DeepSeek-R1-Distill-Llama-8B_T1.0,spectral_entropy,0.3212,0.4386,0.5024,0.004,0.5611
gpqa,DeepSeek-R1-Distill-Llama-8B_T1.0,low_band_power,0.0182,0.6739,0.5024,-0.0103,0.4904
gpqa,DeepSeek-R1-Distill-Llama-8B_T1.0,high_band_power,0.2545,0.5439,0.5024,-0.0017,0.5504
gpqa,DeepSeek-R1-Distill-Llama-8B_T1.0,hl_ratio,0.0545,0.5967,0.5024,-0.0051,0.5303
gpqa,DeepSeek-R1-Distill-Llama-8B_T1.0,spectral_centroid,0.1394,0.5486,0.5024,-0.0028,0.5365
gpqa,DeepSeek-R1-Distill-Llama-8B_T1.0,stft_max_high_power,0.6182,0.4892,0.5024,0.0013,0.5519
gpqa,DeepSeek-R1-Distill-Llama-8B_T1.0,stft_spectral_entropy,0.1697,0.5367,0.5024,-0.0014,0.539
gpqa,DeepSeek-R1-Distill-Llama-8B_T1.0,rpdi,0.8788,0.3526,0.5024,0.0107,0.4075
gpqa,DeepSeek-R1-Distill-Llama-8B_T1.0,sw_var_peak,0.4121,0.5175,0.5024,-0.0029,0.4561
gpqa,DeepSeek-R1-Distill-Llama-8B_T1.0,pe_mean,0.7333,0.3999,0.5024,0.0081,0.5854
gpqa,DeepSeek-R1-Distill-Llama-8B_T1.0,hurst_exponent,0.7879,0.3499,0.5024,0.0053,0.555
gpqa,DeepSeek-R1-Distill-Llama-8B_T1.0,cusum_max,0.697,0.3803,0.5024,0.0058,0.4242
gpqa,DeepSeek-R1-Distill-Llama-8B_T1.0,cusum_shift_idx,0.0485,0.6207,0.5024,-0.0109,0.4771
gpqa,Llama-8B_T1.0,epr,0.5226,0.4968,0.5008,-0.001,0.5114
gpqa,Llama-8B_T1.0,trace_length,0.6455,0.5054,0.5008,-0.0125,0.534
gpqa,Llama-8B_T1.0,spectral_entropy,0.0678,0.5351,0.5008,0.0038,0.5171
gpqa,Llama-8B_T1.0,low_band_power,0.6568,0.3965,0.5008,0.0042,0.4445
gpqa,Llama-8B_T1.0,high_band_power,0.6511,0.3658,0.5008,0.0083,0.5533
gpqa,Llama-8B_T1.0,hl_ratio,0.6525,0.3879,0.5008,0.0061,0.5556
gpqa,Llama-8B_T1.0,dominant_freq,0.4153,0.5369,0.5008,-0.0124,0.524
gpqa,Llama-8B_T1.0,spectral_centroid,0.7048,0.3919,0.5008,0.0044,0.5551
gpqa,Llama-8B_T1.0,stft_max_high_power,0.3983,0.5733,0.5008,-0.0053,0.451
gpqa,Llama-8B_T1.0,stft_spectral_entropy,0.6229,0.4187,0.5008,0.0005,0.5478
gpqa,Llama-8B_T1.0,rpdi,0.6893,0.4173,0.5008,0.0133,0.4932
gpqa,Llama-8B_T1.0,sw_var_peak,0.5424,0.5201,0.5008,-0.0025,0.489
gpqa,Llama-8B_T1.0,pe_mean,0.1271,0.4751,0.5008,0.0065,0.5001
gpqa,Llama-8B_T1.0,hurst_exponent,0.0198,0.6001,0.5008,-0.0108,0.5015
gpqa,Llama-8B_T1.0,cusum_max,0.0184,0.4552,0.5008,-0.005,0.4789
gpqa,Llama-8B_T1.0,cusum_shift_idx,0.5593,0.4816,0.5008,0.0024,0.5164
gpqa,Mistral-7B_T1.0,epr,0.4329,0.5241,0.5008,-0.0023,0.4438
gpqa,Mistral-7B_T1.0,trace_length,0.003,0.6433,0.5008,-0.0214,0.6028
gpqa,Mistral-7B_T1.0,spectral_entropy,0.2271,0.6162,0.5008,-0.0174,0.3947
gpqa,Mistral-7B_T1.0,low_band_power,0.4756,0.4499,0.5008,0.0078,0.4592
gpqa,Mistral-7B_T1.0,high_band_power,0.3186,0.3292,0.5008,0.0202,0.5005
gpqa,Mistral-7B_T1.0,hl_ratio,0.2591,0.4238,0.5008,0.0092,0.5205
gpqa,Mistral-7B_T1.0,dominant_freq,0.1067,0.4908,0.5008,-0.0019,0.5927
gpqa,Mistral-7B_T1.0,spectral_centroid,0.3598,0.4371,0.5008,0.0077,0.5368
gpqa,Mistral-7B_T1.0,stft_max_high_power,0.4878,0.5604,0.5008,-0.003,0.3984
gpqa,Mistral-7B_T1.0,stft_spectral_entropy,0.5457,0.4245,0.5008,0.0112,0.5386
gpqa,Mistral-7B_T1.0,rpdi,0.8552,0.5797,0.5008,-0.0077,0.4155
gpqa,Mistral-7B_T1.0,sw_var_peak,0.0808,0.4746,0.5008,0.0019,0.4719
gpqa,Mistral-7B_T1.0,pe_mean,0.4802,0.5049,0.5008,0.002,0.5145
gpqa,Mistral-7B_T1.0,hurst_exponent,0.2165,0.3899,0.5008,0.0125,0.4838
gpqa,Mistral-7B_T1.0,cusum_max,0.003,0.6317,0.5008,-0.0203,0.4019
gpqa,Mistral-7B_T1.0,cusum_shift_idx,0.878,0.5385,0.5008,0.0012,0.5633
gpqa,Qwen-7B_T1.0,epr,0.2942,0.4861,0.5008,0.0015,0.4531
gpqa,Qwen-7B_T1.0,trace_length,0.4933,0.5632,0.5008,-0.0164,0.4517
gpqa,Qwen-7B_T1.0,spectral_entropy,0.5007,0.4479,0.5008,0.0133,0.5043
gpqa,Qwen-7B_T1.0,low_band_power,0.4294,0.5656,0.5008,-0.0004,0.5681
gpqa,Qwen-7B_T1.0,high_band_power,0.7385,0.569,0.5008,0.0075,0.4243
gpqa,Qwen-7B_T1.0,hl_ratio,0.581,0.5638,0.5008,0.0062,0.4262
gpqa,Qwen-7B_T1.0,dominant_freq,0.0817,0.4325,0.5008,0.0046,0.5423
gpqa,Qwen-7B_T1.0,spectral_centroid,0.7385,0.5963,0.5008,0.0007,0.4168
gpqa,Qwen-7B_T1.0,stft_max_high_power,0.1738,0.4638,0.5008,0.0062,0.5105
gpqa,Qwen-7B_T1.0,stft_spectral_entropy,0.3373,0.6822,0.5008,-0.0591,0.4371
gpqa,Qwen-7B_T1.0,rpdi,0.9287,0.5156,0.5008,0.0152,0.5691
gpqa,Qwen-7B_T1.0,sw_var_peak,0.4755,0.3559,0.5008,0.0383,0.519
gpqa,Qwen-7B_T1.0,pe_mean,0.367,0.5594,0.5008,-0.0373,0.4487
gpqa,Qwen-7B_T1.0,hurst_exponent,0.1961,0.5351,0.5008,-0.0122,0.4725
gpqa,Qwen-7B_T1.0,cusum_max,0.8796,0.4536,0.5008,0.0298,0.5589
gpqa,Qwen-7B_T1.0,cusum_shift_idx,0.5215,0.5543,0.5008,0.002,0.4519
gpqa,Qwen2.5-72B-Instruct-AWQ_T1.0,epr,0.1991,0.4856,0.5008,0.0077,0.4489
gpqa,Qwen2.5-72B-Instruct-AWQ_T1.0,trace_length,0.5076,0.6967,0.5008,-0.0319,0.3517
gpqa,Qwen2.5-72B-Instruct-AWQ_T1.0,spectral_entropy,0.4787,0.6584,0.5008,-0.0255,0.639
gpqa,Qwen2.5-72B-Instruct-AWQ_T1.0,low_band_power,0.5502,0.4527,0.5008,0.0107,0.5249
gpqa,Qwen2.5-72B-Instruct-AWQ_T1.0,high_band_power,0.3693,0.4248,0.5008,0.0122,0.4962
gpqa,Qwen2.5-72B-Instruct-AWQ_T1.0,hl_ratio,0.5046,0.4356,0.5008,0.0125,0.4805
gpqa,Qwen2.5-72B-Instruct-AWQ_T1.0,dominant_freq,0.5547,0.5201,0.5008,-0.0005,0.4093
gpqa,Qwen2.5-72B-Instruct-AWQ_T1.0,spectral_centroid,0.3997,0.4328,0.5008,0.0124,0.4877
gpqa,Qwen2.5-72B-Instruct-AWQ_T1.0,stft_max_high_power,0.307,0.4523,0.5008,0.008,0.4715
gpqa,Qwen2.5-72B-Instruct-AWQ_T1.0,stft_spectral_entropy,0.0897,0.5887,0.5008,-0.0178,0.395
gpqa,Qwen2.5-72B-Instruct-AWQ_T1.0,rpdi,0.462,0.5404,0.5008,-0.0047,0.4043
gpqa,Qwen2.5-72B-Instruct-AWQ_T1.0,sw_var_peak,0.9453,0.4154,0.5008,0.03,0.5522
gpqa,Qwen2.5-72B-Instruct-AWQ_T1.0,pe_mean,0.1915,0.5287,0.5008,-0.0031,0.4353
gpqa,Qwen2.5-72B-Instruct-AWQ_T1.0,hurst_exponent,0.1353,0.645,0.5008,-0.0292,0.3728
gpqa,Qwen2.5-72B-Instruct-AWQ_T1.0,cusum_max,0.9255,0.5462,0.5008,0.0034,0.6109
gpqa,Qwen2.5-72B-Instruct-AWQ_T1.0,cusum_shift_idx,0.3374,0.4192,0.5008,0.0159,0.4633
gsm8k,Llama-8B_T1.0,epr,0.9771,0.3575,0.5008,0.0226,0.7075
gsm8k,Llama-8B_T1.0,trace_length,0.7954,0.3711,0.5008,0.0201,0.2855
gsm8k,Llama-8B_T1.0,spectral_entropy,0.7908,0.3836,0.5008,0.0118,0.6496
gsm8k,Llama-8B_T1.0,low_band_power,0.7756,0.4354,0.5008,0.0072,0.6933
gsm8k,Llama-8B_T1.0,high_band_power,0.1115,0.5844,0.5008,-0.0095,0.3911
gsm8k,Llama-8B_T1.0,hl_ratio,0.2901,0.5111,0.5008,-0.0025,0.3369
gsm8k,Llama-8B_T1.0,dominant_freq,0.087,0.5353,0.5008,-0.0115,0.3701
gsm8k,Llama-8B_T1.0,spectral_centroid,0.2595,0.4802,0.5008,0.0034,0.32
gsm8k,Llama-8B_T1.0,stft_max_high_power,0.4489,0.5449,0.5008,-0.0153,0.5267
gsm8k,Llama-8B_T1.0,stft_spectral_entropy,0.6397,0.5933,0.5008,-0.0252,0.4295
gsm8k,Llama-8B_T1.0,rpdi,0.5603,0.4388,0.5008,0.0071,0.6247
gsm8k,Llama-8B_T1.0,sw_var_peak,0.9802,0.2969,0.5008,0.0329,0.7392
gsm8k,Llama-8B_T1.0,pe_mean,0.1466,0.532,0.5008,-0.0227,0.6285
gsm8k,Llama-8B_T1.0,hurst_exponent,0.5267,0.57,0.5008,-0.0198,0.4131
gsm8k,Llama-8B_T1.0,cusum_max,0.5237,0.4202,0.5008,0.0178,0.7138
gsm8k,Llama-8B_T1.0,cusum_shift_idx,0.4748,0.5249,0.5008,-0.0164,0.4448
math500,DeepSeek-R1-Distill-Llama-8B_T1.0,epr,0.8685,0.3558,0.5014,0.016,0.8211
math500,DeepSeek-R1-Distill-Llama-8B_T1.0,spectral_entropy,0.9908,0.2753,0.5014,0.021,0.7995
math500,DeepSeek-R1-Distill-Llama-8B_T1.0,low_band_power,0.211,0.5449,0.5014,-0.0065,0.7509
math500,DeepSeek-R1-Distill-Llama-8B_T1.0,high_band_power,0.0917,0.5506,0.5014,-0.0086,0.2942
math500,DeepSeek-R1-Distill-Llama-8B_T1.0,hl_ratio,0.2263,0.5354,0.5014,-0.0063,0.2589
math500,DeepSeek-R1-Distill-Llama-8B_T1.0,dominant_freq,0.5474,0.4897,0.5014,-0.0009,0.2652
math500,DeepSeek-R1-Distill-Llama-8B_T1.0,spectral_centroid,0.159,0.5529,0.5014,-0.0073,0.2451
math500,DeepSeek-R1-Distill-Llama-8B_T1.0,stft_max_high_power,0.0489,0.5227,0.5014,-0.0043,0.6341
math500,DeepSeek-R1-Distill-Llama-8B_T1.0,stft_spectral_entropy,0.4067,0.599,0.5014,-0.0215,0.402
math500,DeepSeek-R1-Distill-Llama-8B_T1.0,rpdi,0.8624,0.3384,0.5014,0.0194,0.7958
math500,DeepSeek-R1-Distill-Llama-8B_T1.0,sw_var_peak,0.6239,0.4359,0.5014,0.011,0.8272
math500,DeepSeek-R1-Distill-Llama-8B_T1.0,pe_mean,0.6667,0.386,0.5014,0.0092,0.765
math500,DeepSeek-R1-Distill-Llama-8B_T1.0,hurst_exponent,0.2508,0.6053,0.5014,-0.0175,0.3711
math500,DeepSeek-R1-Distill-Llama-8B_T1.0,cusum_max,0.2538,0.4916,0.5014,0.006,0.8069
math500,DeepSeek-R1-Distill-Llama-8B_T1.0,cusum_shift_idx,0.3884,0.5448,0.5014,-0.01,0.4197
math500,Qwen-Math-7B_T1.0,epr,0.9701,0.3648,0.5024,0.0048,0.9662
math500,Qwen-Math-7B_T1.0,spectral_entropy,0.2275,0.5515,0.5024,-0.0017,0.1001
math500,Qwen-Math-7B_T1.0,low_band_power,0.4611,0.4706,0.5024,0.0018,0.9408
math500,Qwen-Math-7B_T1.0,high_band_power,0.5928,0.4512,0.5024,0.0028,0.0586
math500,Qwen-Math-7B_T1.0,hl_ratio,0.503,0.432,0.5024,0.0035,0.0571
math500,Qwen-Math-7B_T1.0,spectral_centroid,0.4611,0.4721,0.5024,0.0018,0.0566
math500,Qwen-Math-7B_T1.0,stft_max_high_power,0.0419,0.5663,0.5024,-0.004,0.1698
math500,Qwen-Math-7B_T1.0,stft_spectral_entropy,0.7605,0.4568,0.5024,0.0014,0.0785
math500,Qwen-Math-7B_T1.0,rpdi,0.7665,0.3405,0.5024,0.0019,0.8932
math500,Qwen-Math-7B_T1.0,sw_var_peak,0.6048,0.3674,0.5024,0.0046,0.9028
math500,Qwen-Math-7B_T1.0,pe_mean,0.4431,0.5051,0.5024,-0.0065,0.5529
math500,Qwen-Math-7B_T1.0,hurst_exponent,0.006,0.5818,0.5024,-0.0005,0.0823
math500,Qwen-Math-7B_T1.0,cusum_max,0.0599,0.5259,0.5024,-0.0007,0.9336
math500,Qwen-Math-7B_T1.0,cusum_shift_idx,0.3892,0.6458,0.5024,-0.0094,0.6961
math500,Qwen2.5-Math-1.5B-Instruct_T1.0,epr,1.0,0.3481,0.5008,0.0078,0.8558
math500,Qwen2.5-Math-1.5B-Instruct_T1.0,trace_length,0.9561,0.3472,0.5008,0.0016,0.3377
math500,Qwen2.5-Math-1.5B-Instruct_T1.0,spectral_entropy,0.2576,0.4824,0.5008,0.002,0.1635
math500,Qwen2.5-Math-1.5B-Instruct_T1.0,low_band_power,0.3788,0.4677,0.5008,0.0034,0.8641
math500,Qwen2.5-Math-1.5B-Instruct_T1.0,high_band_power,0.1697,0.5155,0.5008,0.0004,0.1515
math500,Qwen2.5-Math-1.5B-Instruct_T1.0,hl_ratio,0.2667,0.493,0.5008,0.0009,0.1436
math500,Qwen2.5-Math-1.5B-Instruct_T1.0,dominant_freq,0.5561,0.4743,0.5008,-0.0013,0.2327
math500,Qwen2.5-Math-1.5B-Instruct_T1.0,spectral_centroid,0.4091,0.4615,0.5008,0.0036,0.1336
math500,Qwen2.5-Math-1.5B-Instruct_T1.0,stft_max_high_power,0.1652,0.5697,0.5008,-0.01,0.4421
math500,Qwen2.5-Math-1.5B-Instruct_T1.0,stft_spectral_entropy,0.4015,0.4077,0.5008,0.005,0.1751
math500,Qwen2.5-Math-1.5B-Instruct_T1.0,rpdi,0.3455,0.5642,0.5008,-0.0032,0.7708
math500,Qwen2.5-Math-1.5B-Instruct_T1.0,sw_var_peak,0.203,0.5131,0.5008,-0.0003,0.7957
math500,Qwen2.5-Math-1.5B-Instruct_T1.0,pe_mean,0.1985,0.5832,0.5008,-0.0124,0.4758
math500,Qwen2.5-Math-1.5B-Instruct_T1.0,hurst_exponent,0.7485,0.3894,0.5008,0.0079,0.1324
math500,Qwen2.5-Math-1.5B-Instruct_T1.0,cusum_max,0.397,0.3852,0.5008,0.0076,0.8724
math500,Qwen2.5-Math-1.5B-Instruct_T1.0,cusum_shift_idx,0.2318,0.5998,0.5008,-0.013,0.4124
math500,deepseek-math-7b-instruct_T1.0,epr,1.0,0.2952,0.5008,0.0227,0.7079
math500,deepseek-math-7b-instruct_T1.0,trace_length,0.7924,0.3533,0.5008,0.0176,0.2877
math500,deepseek-math-7b-instruct_T1.0,spectral_entropy,0.7145,0.3784,0.5008,0.0107,0.6436
math500,deepseek-math-7b-instruct_T1.0,low_band_power,0.229,0.5621,0.5008,-0.0071,0.6375
math500,deepseek-math-7b-instruct_T1.0,high_band_power,0.116,0.6196,0.5008,-0.016,0.4039
math500,deepseek-math-7b-instruct_T1.0,hl_ratio,0.171,0.6022,0.5008,-0.0122,0.376
math500,deepseek-math-7b-instruct_T1.0,dominant_freq,0.4443,0.4346,0.5008,0.0065,0.3118
math500,deepseek-math-7b-instruct_T1.0,spectral_centroid,0.3573,0.537,0.5008,-0.0033,0.3482
math500,deepseek-math-7b-instruct_T1.0,stft_max_high_power,0.4992,0.4887,0.5008,-0.0055,0.6097
math500,deepseek-math-7b-instruct_T1.0,stft_spectral_entropy,0.0748,0.5926,0.5008,-0.0099,0.3917
math500,deepseek-math-7b-instruct_T1.0,rpdi,0.374,0.5533,0.5008,-0.0044,0.6334
math500,deepseek-math-7b-instruct_T1.0,sw_var_peak,0.0092,0.4596,0.5008,0.0046,0.6387
math500,deepseek-math-7b-instruct_T1.0,pe_mean,0.5115,0.5038,0.5008,-0.0077,0.5438
math500,deepseek-math-7b-instruct_T1.0,hurst_exponent,0.684,0.4505,0.5008,0.0056,0.3238
math500,deepseek-math-7b-instruct_T1.0,cusum_max,0.255,0.4517,0.5008,0.0087,0.7041
math500,deepseek-math-7b-instruct_T1.0,cusum_shift_idx,0.5176,0.5501,0.5008,-0.0105,0.5751
qa,spectral_phase9_cache_trivia_qa_cot_traces_T1.0,epr,0.7881,0.2415,0.5008,0.0468,0.6595
qa,spectral_phase9_cache_trivia_qa_cot_traces_T1.0,trace_length,0.343,0.4965,0.5008,0.0016,0.4749
qa,spectral_phase9_cache_trivia_qa_cot_traces_T1.0,spectral_entropy,0.2454,0.47,0.5008,0.0031,0.5247
qa,spectral_phase9_cache_trivia_qa_cot_traces_T1.0,low_band_power,0.1037,0.5551,0.5008,-0.0148,0.4961
qa,spectral_phase9_cache_trivia_qa_cot_traces_T1.0,high_band_power,0.1418,0.5499,0.5008,-0.0139,0.5153
qa,spectral_phase9_cache_trivia_qa_cot_traces_T1.0,hl_ratio,0.3399,0.5197,0.5008,-0.0088,0.5063
qa,spectral_phase9_cache_trivia_qa_cot_traces_T1.0,dominant_freq,0.0518,0.5969,0.5008,-0.0248,0.5207
qa,spectral_phase9_cache_trivia_qa_cot_traces_T1.0,spectral_centroid,0.0976,0.5636,0.5008,-0.0168,0.5232
qa,spectral_phase9_cache_trivia_qa_cot_traces_T1.0,stft_max_high_power,0.1326,0.487,0.5008,-0.0008,0.5144
qa,spectral_phase9_cache_trivia_qa_cot_traces_T1.0,stft_spectral_entropy,0.1479,0.4885,0.5008,-0.0013,0.5089
qa,spectral_phase9_cache_trivia_qa_cot_traces_T1.0,rpdi,0.5701,0.5177,0.5008,-0.0066,0.6327
qa,spectral_phase9_cache_trivia_qa_cot_traces_T1.0,sw_var_peak,0.9649,0.2968,0.5008,0.0446,0.6848
qa,spectral_phase9_cache_trivia_qa_cot_traces_T1.0,pe_mean,0.3857,0.5181,0.5008,-0.0065,0.4794
qa,spectral_phase9_cache_trivia_qa_cot_traces_T1.0,hurst_exponent,0.3399,0.5032,0.5008,-0.0003,0.4512
qa,spectral_phase9_cache_trivia_qa_cot_traces_T1.0,cusum_max,0.625,0.3795,0.5008,0.0189,0.6056
qa,spectral_phase9_cache_trivia_qa_cot_traces_T1.0,cusum_shift_idx,0.3064,0.5559,0.5008,-0.0205,0.5799
qa,spectral_phase9_cache_trivia_qa_traces_T1.0,epr,0.6719,0.4687,0.5024,0.0186,0.84
qa,spectral_phase9_cache_trivia_qa_traces_T1.0,trace_length,0.5406,0.4373,0.5024,-0.0231,0.06
qa,spectral_phase9_cache_trivia_qa_traces_T1.0,spectral_entropy,0.4094,0.5376,0.5024,-0.1119,0.78
qa,spectral_phase9_cache_trivia_qa_traces_T1.0,low_band_power,0.3906,0.4801,0.5024,-0.0212,0.92
qa,spectral_phase9_cache_trivia_qa_traces_T1.0,high_band_power,0.4531,0.5621,0.5024,-0.0567,0.56
qa,spectral_phase9_cache_trivia_qa_traces_T1.0,hl_ratio,0.7094,0.2687,0.5024,0.1061,0.04
qa,spectral_phase9_cache_trivia_qa_traces_T1.0,dominant_freq,0.3594,0.6043,0.5024,-0.0733,0.64
qa,spectral_phase9_cache_trivia_qa_traces_T1.0,spectral_centroid,0.0938,0.5699,0.5024,-0.0761,0.52
qa,spectral_phase9_cache_trivia_qa_traces_T1.0,rpdi,0.2188,0.5247,0.5024,-0.0407,0.37
qa,spectral_phase9_cache_trivia_qa_traces_T1.0,sw_var_peak,0.6281,0.3841,0.5024,0.1164,0.84
qa,spectral_phase9_cache_trivia_qa_traces_T1.0,pe_mean,0.05,0.5858,0.5024,-0.0811,0.25
qa,spectral_phase9_cache_trivia_qa_traces_T1.0,hurst_exponent,0.3125,0.5272,0.5024,-0.022,0.44
qa,spectral_phase9_cache_trivia_qa_traces_T1.0,cusum_max,0.2625,0.3829,0.5024,0.1997,0.83
qa,spectral_phase9_cache_trivia_qa_traces_T1.0,cusum_shift_idx,0.8969,0.4335,0.5024,0.0654,0.155
qa,spectral_phase9_cache_webq_cot_traces_T1.0,epr,0.8003,0.3526,0.5008,0.0179,0.6125
qa,spectral_phase9_cache_webq_cot_traces_T1.0,trace_length,0.5395,0.4259,0.5008,0.0118,0.3998
qa,spectral_phase9_cache_webq_cot_traces_T1.0,spectral_entropy,0.1624,0.4719,0.5008,0.0058,0.5794
qa,spectral_phase9_cache_webq_cot_traces_T1.0,low_band_power,0.2772,0.5528,0.5008,-0.0131,0.5073
qa,spectral_phase9_cache_webq_cot_traces_T1.0,high_band_power,0.1967,0.5957,0.5008,-0.0198,0.5563
qa,spectral_phase9_cache_webq_cot_traces_T1.0,hl_ratio,0.4918,0.5031,0.5008,-0.0047,0.5374
qa,spectral_phase9_cache_webq_cot_traces_T1.0,dominant_freq,0.0715,0.5507,0.5008,-0.0112,0.4443
qa,spectral_phase9_cache_webq_cot_traces_T1.0,spectral_centroid,0.0581,0.6065,0.5008,-0.0196,0.51
qa,spectral_phase9_cache_webq_cot_traces_T1.0,stft_max_high_power,0.8182,0.3388,0.5008,0.0209,0.5991
qa,spectral_phase9_cache_webq_cot_traces_T1.0,stft_spectral_entropy,0.231,0.4438,0.5008,0.0084,0.4854
qa,spectral_phase9_cache_webq_cot_traces_T1.0,rpdi,0.4829,0.5407,0.5008,-0.0094,0.5425
qa,spectral_phase9_cache_webq_cot_traces_T1.0,sw_var_peak,0.9434,0.3578,0.5008,0.0166,0.6042
qa,spectral_phase9_cache_webq_cot_traces_T1.0,pe_mean,0.4247,0.4968,0.5008,-0.0041,0.4872
qa,spectral_phase9_cache_webq_cot_traces_T1.0,hurst_exponent,0.4158,0.5438,0.5008,-0.0135,0.5227
qa,spectral_phase9_cache_webq_cot_traces_T1.0,cusum_max,0.8793,0.3447,0.5008,0.0207,0.6372
qa,spectral_phase9_cache_webq_cot_traces_T1.0,cusum_shift_idx,0.2638,0.5154,0.5008,-0.0067,0.5167
rag,Llama-8B/2wikimultihopqa,epr,0.2195,0.4228,0.5024,0.0107,0.587
rag,Llama-8B/2wikimultihopqa,trace_length,0.0427,0.5532,0.5024,-0.0069,0.5089
rag,Llama-8B/2wikimultihopqa,spectral_entropy,0.0732,0.535,0.5024,-0.0043,0.5043
rag,Llama-8B/2wikimultihopqa,low_band_power,0.3841,0.4872,0.5024,0.0039,0.5859
rag,Llama-8B/2wikimultihopqa,high_band_power,0.2988,0.5437,0.5024,-0.0065,0.4881
rag,Llama-8B/2wikimultihopqa,hl_ratio,0.622,0.4568,0.5024,0.0041,0.4551
rag,Llama-8B/2wikimultihopqa,dominant_freq,0.122,0.6236,0.5024,-0.0175,0.4997
rag,Llama-8B/2wikimultihopqa,spectral_centroid,0.3049,0.5471,0.5024,-0.005,0.4827
rag,Llama-8B/2wikimultihopqa,rpdi,0.9024,0.4552,0.5024,0.0059,0.4522
rag,Llama-8B/2wikimultihopqa,sw_var_peak,0.6098,0.3298,0.5024,0.0233,0.6214
rag,Llama-8B/2wikimultihopqa,pe_mean,0.5305,0.3417,0.5024,0.0229,0.5692
rag,Llama-8B/2wikimultihopqa,hurst_exponent,0.5976,0.4998,0.5024,-0.0047,0.5184
rag,Llama-8B/2wikimultihopqa,cusum_max,0.1829,0.4833,0.5024,0.0026,0.5741
rag,Llama-8B/2wikimultihopqa,cusum_shift_idx,0.5915,0.6512,0.5024,-0.0286,0.6289
rag,Llama-8B/hotpotqa,epr,0.9879,0.2556,0.5024,0.0947,0.8772
rag,Llama-8B/hotpotqa,trace_length,0.097,0.4706,0.5024,0.0054,0.3718
rag,Llama-8B/hotpotqa,spectral_entropy,0.0121,0.5113,0.5024,-0.0088,0.6088
rag,Llama-8B/hotpotqa,low_band_power,0.3697,0.5487,0.5024,-0.0217,0.6207
rag,Llama-8B/hotpotqa,high_band_power,0.297,0.5405,0.5024,-0.0235,0.465
rag,Llama-8B/hotpotqa,hl_ratio,0.5152,0.5311,0.5024,-0.0168,0.4186
rag,Llama-8B/hotpotqa,dominant_freq,0.4061,0.6389,0.5024,-0.0621,0.4811
rag,Llama-8B/hotpotqa,spectral_centroid,0.3152,0.5873,0.5024,-0.0395,0.4714
rag,Llama-8B/hotpotqa,rpdi,0.6909,0.5382,0.5024,-0.0237,0.6342
rag,Llama-8B/hotpotqa,sw_var_peak,0.6848,0.354,0.5024,0.0554,0.7403
rag,Llama-8B/hotpotqa,pe_mean,0.9636,0.3733,0.5024,0.047,0.8362
rag,Llama-8B/hotpotqa,hurst_exponent,0.2303,0.584,0.5024,-0.0426,0.4935
rag,Llama-8B/hotpotqa,cusum_max,0.103,0.4938,0.5024,0.0073,0.68
rag,Llama-8B/hotpotqa,cusum_shift_idx,0.4606,0.4192,0.5024,0.0288,0.3085
rag,Llama-8B/narrativeqa,epr,0.816,0.4044,0.5024,0.0252,0.6009
rag,Llama-8B/narrativeqa,trace_length,0.184,0.5555,0.5024,-0.0037,0.4663
rag,Llama-8B/narrativeqa,spectral_entropy,0.1043,0.5026,0.5024,0.0053,0.5416
rag,Llama-8B/narrativeqa,low_band_power,0.2209,0.55,0.5024,-0.0095,0.4981
rag,Llama-8B/narrativeqa,high_band_power,0.2699,0.5945,0.5024,-0.0195,0.5755
rag,Llama-8B/narrativeqa,hl_ratio,0.3558,0.5232,0.5024,-0.0038,0.5593
rag,Llama-8B/narrativeqa,dominant_freq,0.3067,0.5908,0.5024,-0.0172,0.5186
rag,Llama-8B/narrativeqa,spectral_centroid,0.2822,0.6302,0.5024,-0.0259,0.5602
rag,Llama-8B/narrativeqa,rpdi,1.0,0.4015,0.5024,0.0261,0.4017
rag,Llama-8B/narrativeqa,sw_var_peak,0.3006,0.3715,0.5024,0.0232,0.5658
rag,Llama-8B/narrativeqa,pe_mean,0.8712,0.4264,0.5024,0.0158,0.5927
rag,Llama-8B/narrativeqa,hurst_exponent,0.2515,0.5425,0.5024,-0.0058,0.4961
rag,Llama-8B/narrativeqa,cusum_max,0.2393,0.5337,0.5024,-0.0012,0.5562
rag,Llama-8B/narrativeqa,cusum_shift_idx,0.7055,0.5591,0.5024,-0.0088,0.6009
rag,Llama-8B/natural-questions,epr,0.2442,0.5212,0.5024,-0.0078,0.4889
rag,Llama-8B/natural-questions,trace_length,0.8198,0.3734,0.5024,0.0186,0.3789
rag,Llama-8B/natural-questions,spectral_entropy,1.0,0.3659,0.5024,0.017,0.6139
rag,Llama-8B/natural-questions,low_band_power,0.8256,0.3314,0.5024,0.0254,0.635
rag,Llama-8B/natural-questions,high_band_power,0.6279,0.4181,0.5024,0.0175,0.4049
rag,Llama-8B/natural-questions,hl_ratio,0.4128,0.5236,0.5024,-0.0066,0.3252
rag,Llama-8B/natural-questions,dominant_freq,0.7384,0.4303,0.5024,0.0083,0.4093
rag,Llama-8B/natural-questions,spectral_centroid,0.0,0.551,0.5024,-0.0133,0.5166
rag,Llama-8B/natural-questions,rpdi,0.2151,0.5316,0.5024,-0.013,0.4823
rag,Llama-8B/natural-questions,sw_var_peak,0.3081,0.5445,0.5024,-0.0164,0.5177
rag,Llama-8B/natural-questions,pe_mean,0.4767,0.5578,0.5024,-0.0521,0.3905
rag,Llama-8B/natural-questions,hurst_exponent,0.7384,0.3926,0.5024,0.0125,0.3761
rag,Llama-8B/natural-questions,cusum_max,0.6744,0.3592,0.5024,0.033,0.6482
rag,Llama-8B/natural-questions,cusum_shift_idx,0.4186,0.5522,0.5024,-0.0233,0.5636
rag,Mistral-24B/2wikimultihopqa,epr,0.7159,0.4146,0.5008,0.021,0.5729
rag,Mistral-24B/2wikimultihopqa,trace_length,0.1681,0.5217,0.5008,-0.0037,0.5031
rag,Mistral-24B/2wikimultihopqa,spectral_entropy,0.458,0.4268,0.5008,0.0162,0.525
rag,Mistral-24B/2wikimultihopqa,low_band_power,0.0565,0.695,0.5008,-0.0345,0.3458
rag,Mistral-24B/2wikimultihopqa,high_band_power,0.4159,0.5401,0.5008,-0.0075,0.5417
rag,Mistral-24B/2wikimultihopqa,hl_ratio,0.6551,0.4693,0.5008,0.0105,0.6542
rag,Mistral-24B/2wikimultihopqa,dominant_freq,0.1609,0.5424,0.5008,-0.0104,0.5729
rag,Mistral-24B/2wikimultihopqa,spectral_centroid,0.1348,0.58,0.5008,-0.0148,0.6208
rag,Mistral-24B/2wikimultihopqa,stft_max_high_power,0.2899,0.4508,0.5008,0.0097,0.4667
rag,Mistral-24B/2wikimultihopqa,stft_spectral_entropy,0.5594,0.3793,0.5008,0.0232,0.5583
rag,Mistral-24B/2wikimultihopqa,rpdi,0.5507,0.515,0.5008,-0.0,0.6229
rag,Mistral-24B/2wikimultihopqa,sw_var_peak,0.5841,0.4056,0.5008,0.021,0.5521
rag,Mistral-24B/2wikimultihopqa,pe_mean,0.1855,0.6327,0.5008,-0.0241,0.6417
rag,Mistral-24B/2wikimultihopqa,hurst_exponent,0.1217,0.5661,0.5008,-0.0127,0.5563
rag,Mistral-24B/2wikimultihopqa,cusum_max,0.1565,0.4376,0.5008,0.0127,0.4854
rag,Mistral-24B/2wikimultihopqa,cusum_shift_idx,0.3362,0.5412,0.5008,-0.0066,0.5938
rag,Mistral-24B/hotpotqa,epr,0.1779,0.4356,0.5008,0.0068,0.5853
rag,Mistral-24B/hotpotqa,trace_length,0.0689,0.5548,0.5008,-0.0082,0.3978
rag,Mistral-24B/hotpotqa,spectral_entropy,0.0273,0.587,0.5008,-0.0117,0.5655
rag,Mistral-24B/hotpotqa,low_band_power,0.3486,0.4468,0.5008,0.006,0.5893
rag,Mistral-24B/hotpotqa,high_band_power,0.0703,0.6165,0.5008,-0.017,0.5218
rag,Mistral-24B/hotpotqa,hl_ratio,0.4017,0.5222,0.5008,-0.0029,0.4365
rag,Mistral-24B/hotpotqa,dominant_freq,0.5093,0.4593,0.5008,0.0049,0.381
rag,Mistral-24B/hotpotqa,spectral_centroid,0.4132,0.4595,0.5008,0.0048,0.4008
rag,Mistral-24B/hotpotqa,stft_max_high_power,0.4749,0.4652,0.5008,0.0031,0.5734
rag,Mistral-24B/hotpotqa,stft_spectral_entropy,0.363,0.4722,0.5008,0.0017,0.5714
rag,Mistral-24B/hotpotqa,rpdi,0.2525,0.6044,0.5008,-0.0232,0.5714
rag,Mistral-24B/hotpotqa,sw_var_peak,0.5323,0.5135,0.5008,-0.0027,0.5913
rag,Mistral-24B/hotpotqa,pe_mean,0.4964,0.5119,0.5008,-0.0064,0.5417
rag,Mistral-24B/hotpotqa,hurst_exponent,0.6729,0.2898,0.5008,0.0224,0.3333
rag,Mistral-24B/hotpotqa,cusum_max,0.2999,0.4601,0.5008,0.0036,0.6488
rag,Mistral-24B/hotpotqa,cusum_shift_idx,0.9813,0.3501,0.5008,0.0187,0.3304
rag,Mistral-24B/narrativeqa,epr,0.8415,0.3891,0.5024,0.0152,0.6597
rag,Mistral-24B/narrativeqa,trace_length,0.5732,0.3813,0.5024,0.0107,0.3709
rag,Mistral-24B/narrativeqa,spectral_entropy,0.872,0.2977,0.5024,0.0247,0.6282
rag,Mistral-24B/narrativeqa,low_band_power,0.0671,0.6049,0.5024,-0.0183,0.4997
rag,Mistral-24B/narrativeqa,high_band_power,0.3049,0.6273,0.5024,-0.0256,0.5058
rag,Mistral-24B/narrativeqa,hl_ratio,0.439,0.4896,0.5024,0.0031,0.5164
rag,Mistral-24B/narrativeqa,dominant_freq,0.0244,0.5778,0.5024,-0.0142,0.4862
rag,Mistral-24B/narrativeqa,spectral_centroid,0.0793,0.6144,0.5024,-0.0213,0.4841
rag,Mistral-24B/narrativeqa,rpdi,0.2988,0.4287,0.5024,0.0132,0.4591
rag,Mistral-24B/narrativeqa,sw_var_peak,0.3171,0.4168,0.5024,0.0173,0.5753
rag,Mistral-24B/narrativeqa,pe_mean,0.3902,0.5138,0.5024,-0.0067,0.4649
rag,Mistral-24B/narrativeqa,hurst_exponent,0.061,0.5845,0.5024,-0.0162,0.4906
rag,Mistral-24B/narrativeqa,cusum_max,0.3232,0.4478,0.5024,0.0156,0.6077
rag,Mistral-24B/narrativeqa,cusum_shift_idx,0.5183,0.4786,0.5024,0.0026,0.5756
rag,Mistral-24B/natural-questions,epr,0.6339,0.4402,0.5008,0.0147,0.4762
rag,Mistral-24B/natural-questions,trace_length,0.1861,0.598,0.5008,-0.031,0.3365
rag,Mistral-24B/natural-questions,spectral_entropy,0.6293,0.599,0.5008,-0.0186,0.6603
rag,Mistral-24B/natural-questions,low_band_power,0.4206,0.4646,0.5008,0.0035,0.6603
rag,Mistral-24B/natural-questions,high_band_power,0.5038,0.3823,0.5008,0.0277,0.6857
rag,Mistral-24B/natural-questions,hl_ratio,0.3691,0.4982,0.5008,-0.0062,0.4603
rag,Mistral-24B/natural-questions,dominant_freq,0.4297,0.5231,0.5008,-0.0059,0.3698
rag,Mistral-24B/natural-questions,spectral_centroid,0.2436,0.3551,0.5008,0.0287,0.4857
rag,Mistral-24B/natural-questions,stft_max_high_power,0.174,0.4753,0.5008,0.0053,0.5698
rag,Mistral-24B/natural-questions,stft_spectral_entropy,0.5083,0.5585,0.5008,-0.0067,0.6302
rag,Mistral-24B/natural-questions,rpdi,0.5522,0.6371,0.5008,-0.0268,0.327
rag,Mistral-24B/natural-questions,sw_var_peak,0.3585,0.4509,0.5008,0.0181,0.5238
rag,Mistral-24B/natural-questions,pe_mean,0.2769,0.4917,0.5008,0.0045,0.4254
rag,Mistral-24B/natural-questions,hurst_exponent,0.413,0.5216,0.5008,-0.0058,0.3778
rag,Mistral-24B/natural-questions,cusum_max,0.6339,0.5954,0.5008,-0.0195,0.6317
rag,Mistral-24B/natural-questions,cusum_shift_idx,0.8306,0.485,0.5008,0.0179,0.4079
rag,Qwen-72B/2wikimultihopqa,epr,0.1003,0.5933,0.5014,-0.0189,0.464
rag,Qwen-72B/2wikimultihopqa,trace_length,0.5289,0.3802,0.5014,0.027,0.3837
rag,Qwen-72B/2wikimultihopqa,spectral_entropy,0.535,0.4224,0.5014,0.0206,0.6194
rag,Qwen-72B/2wikimultihopqa,low_band_power,0.5623,0.4266,0.5014,0.0128,0.5488
rag,Qwen-72B/2wikimultihopqa,high_band_power,0.079,0.6259,0.5014,-0.0276,0.4258
rag,Qwen-72B/2wikimultihopqa,hl_ratio,0.5988,0.6257,0.5014,-0.0242,0.4473
rag,Qwen-72B/2wikimultihopqa,dominant_freq,0.2979,0.5941,0.5014,-0.0208,0.4281
rag,Qwen-72B/2wikimultihopqa,spectral_centroid,0.1429,0.5879,0.5014,-0.0182,0.4226
rag,Qwen-72B/2wikimultihopqa,stft_max_high_power,0.4043,0.3895,0.5014,0.0266,0.5791
rag,Qwen-72B/2wikimultihopqa,stft_spectral_entropy,0.7629,0.3287,0.5014,0.042,0.6492
rag,Qwen-72B/2wikimultihopqa,sw_var_peak,0.1459,0.5313,0.5014,-0.0063,0.4837
rag,Qwen-72B/2wikimultihopqa,pe_mean,0.0274,0.6152,0.5014,-0.0227,0.4805
rag,Qwen-72B/2wikimultihopqa,hurst_exponent,0.3526,0.4883,0.5014,0.0002,0.476
rag,Qwen-72B/2wikimultihopqa,cusum_max,0.1185,0.4997,0.5014,-0.001,0.484
rag,Qwen-72B/2wikimultihopqa,cusum_shift_idx,0.4225,0.464,0.5014,0.0103,0.4209
rag,Qwen-72B/hotpotqa,epr,0.1455,0.5367,0.5014,-0.0067,0.6525
rag,Qwen-72B/hotpotqa,trace_length,0.803,0.3456,0.5014,0.0183,0.2772
rag,Qwen-72B/hotpotqa,spectral_entropy,0.8545,0.4128,0.5014,0.0119,0.7283
rag,Qwen-72B/hotpotqa,low_band_power,0.7394,0.3827,0.5014,0.013,0.6853
rag,Qwen-72B/hotpotqa,high_band_power,0.6545,0.5173,0.5014,-0.0158,0.5818
rag,Qwen-72B/hotpotqa,hl_ratio,0.5273,0.5354,0.5014,-0.0191,0.5222
rag,Qwen-72B/hotpotqa,dominant_freq,0.2667,0.5515,0.5014,-0.0215,0.4941
rag,Qwen-72B/hotpotqa,spectral_centroid,0.3212,0.568,0.5014,-0.0205,0.4866
rag,Qwen-72B/hotpotqa,stft_max_high_power,0.9515,0.3225,0.5014,0.025,0.7332
rag,Qwen-72B/hotpotqa,stft_spectral_entropy,0.3,0.3865,0.5014,0.0141,0.6888
rag,Qwen-72B/hotpotqa,sw_var_peak,0.1606,0.4846,0.5014,0.0009,0.6664
rag,Qwen-72B/hotpotqa,pe_mean,0.1606,0.6008,0.5014,-0.0159,0.6268
rag,Qwen-72B/hotpotqa,hurst_exponent,0.7333,0.4517,0.5014,-0.0065,0.4454
rag,Qwen-72B/hotpotqa,cusum_max,0.7485,0.3587,0.5014,0.022,0.7302
rag,Qwen-72B/hotpotqa,cusum_shift_idx,0.2939,0.4849,0.5014,0.0006,0.3497
rag,Qwen-72B/narrativeqa,epr,0.7744,0.3453,0.5024,0.0246,0.6497
rag,Qwen-72B/narrativeqa,trace_length,0.0,0.5698,0.5024,-0.0127,0.4686
rag,Qwen-72B/narrativeqa,spectral_entropy,0.0,0.5424,0.5024,-0.0101,0.5277
rag,Qwen-72B/narrativeqa,low_band_power,0.0854,0.5897,0.5024,-0.0171,0.54
rag,Qwen-72B/narrativeqa,high_band_power,0.3476,0.4668,0.5024,0.0029,0.5952
rag,Qwen-72B/narrativeqa,hl_ratio,0.4878,0.5104,0.5024,-0.004,0.6019
rag,Qwen-72B/narrativeqa,dominant_freq,0.2744,0.5037,0.5024,-0.0038,0.5267
rag,Qwen-72B/narrativeqa,spectral_centroid,0.4207,0.4528,0.5024,0.008,0.6045
rag,Qwen-72B/narrativeqa,rpdi,0.4634,0.6046,0.5024,-0.0193,0.5212
rag,Qwen-72B/narrativeqa,sw_var_peak,0.6402,0.4166,0.5024,0.0135,0.6272
rag,Qwen-72B/narrativeqa,pe_mean,0.9817,0.224,0.5024,0.041,0.678
rag,Qwen-72B/narrativeqa,hurst_exponent,0.4268,0.5499,0.5024,-0.0108,0.4057
rag,Qwen-72B/narrativeqa,cusum_max,0.4573,0.4641,0.5024,0.0048,0.5915
rag,Qwen-72B/narrativeqa,cusum_shift_idx,0.0488,0.6017,0.5024,-0.017,0.4637
rag,Qwen-72B/natural-questions,epr,0.8025,0.3402,0.5041,0.0177,0.6254
rag,Qwen-72B/natural-questions,trace_length,0.0,0.5045,0.5041,-0.0068,0.4192
rag,Qwen-72B/natural-questions,spectral_entropy,0.1852,0.5117,0.5041,-0.0067,0.5235
rag,Qwen-72B/natural-questions,low_band_power,0.7407,0.3888,0.5041,0.0095,0.5897
rag,Qwen-72B/natural-questions,high_band_power,0.5679,0.5168,0.5041,-0.0078,0.4982
rag,Qwen-72B/natural-questions,hl_ratio,0.4198,0.5178,0.5041,-0.0109,0.4588
rag,Qwen-72B/natural-questions,dominant_freq,0.037,0.5997,0.5041,-0.0219,0.4425
rag,Qwen-72B/natural-questions,spectral_centroid,0.4321,0.5384,0.5041,-0.0098,0.4707
rag,Qwen-72B/natural-questions,sw_var_peak,0.6296,0.3856,0.5041,0.0118,0.6301
rag,Qwen-72B/natural-questions,pe_mean,0.5185,0.4339,0.5041,0.0079,0.6052
rag,Qwen-72B/natural-questions,hurst_exponent,1.0,0.3682,0.5041,0.0112,0.4039
rag,Qwen-72B/natural-questions,cusum_max,0.6049,0.323,0.5041,0.0192,0.6336
rag,Qwen-72B/natural-questions,cusum_shift_idx,0.0864,0.557,0.5041,-0.0135,0.464
rag,Qwen-7B/2wikimultihopqa,epr,0.2599,0.4614,0.5008,0.0063,0.5714
rag,Qwen-7B/2wikimultihopqa,trace_length,0.1636,0.4842,0.5008,0.0073,0.3818
rag,Qwen-7B/2wikimultihopqa,spectral_entropy,0.1514,0.4493,0.5008,0.0126,0.6457
rag,Qwen-7B/2wikimultihopqa,low_band_power,0.6024,0.6624,0.5008,-0.0449,0.2957
rag,Qwen-7B/2wikimultihopqa,high_band_power,0.4113,0.551,0.5008,-0.0167,0.5373
rag,Qwen-7B/2wikimultihopqa,hl_ratio,0.4862,0.5808,0.5008,-0.0225,0.6184
rag,Qwen-7B/2wikimultihopqa,dominant_freq,0.6147,0.5857,0.5008,-0.0249,0.6128
rag,Qwen-7B/2wikimultihopqa,spectral_centroid,0.4985,0.5718,0.5008,-0.0186,0.5546
rag,Qwen-7B/2wikimultihopqa,stft_max_high_power,0.659,0.3715,0.5008,0.0365,0.6236
rag,Qwen-7B/2wikimultihopqa,stft_spectral_entropy,0.7661,0.3551,0.5008,0.0426,0.6509
rag,Qwen-7B/2wikimultihopqa,rpdi,0.4633,0.4984,0.5008,0.0004,0.5987
rag,Qwen-7B/2wikimultihopqa,sw_var_peak,0.156,0.52,0.5008,-0.0108,0.4589
rag,Qwen-7B/2wikimultihopqa,pe_mean,0.4281,0.4104,0.5008,0.0263,0.5716
rag,Qwen-7B/2wikimultihopqa,hurst_exponent,0.7431,0.4612,0.5008,0.0116,0.5429
rag,Qwen-7B/2wikimultihopqa,cusum_max,0.0474,0.5497,0.5008,-0.0154,0.5249
rag,Qwen-7B/2wikimultihopqa,cusum_shift_idx,0.4434,0.4681,0.5008,0.0103,0.4256
rag,Qwen-7B/hotpotqa,epr,0.3945,0.4681,0.5008,0.0045,0.5829
rag,Qwen-7B/hotpotqa,trace_length,0.8257,0.5078,0.5008,-0.0183,0.332
rag,Qwen-7B/hotpotqa,spectral_entropy,0.919,0.4142,0.5008,0.0257,0.6682
rag,Qwen-7B/hotpotqa,low_band_power,0.13,0.5116,0.5008,-0.0186,0.5677
rag,Qwen-7B/hotpotqa,high_band_power,0.4847,0.565,0.5008,-0.0235,0.5773
rag,Qwen-7B/hotpotqa,hl_ratio,0.2829,0.5526,0.5008,-0.0307,0.5128
rag,Qwen-7B/hotpotqa,dominant_freq,0.2309,0.5638,0.5008,-0.0372,0.4147
rag,Qwen-7B/hotpotqa,spectral_centroid,0.4021,0.5692,0.5008,-0.0264,0.5132
rag,Qwen-7B/hotpotqa,stft_max_high_power,1.0,0.2813,0.5008,0.0894,0.7831
rag,Qwen-7B/hotpotqa,stft_spectral_entropy,0.4954,0.3408,0.5008,0.0818,0.6087
rag,Qwen-7B/hotpotqa,rpdi,0.2018,0.5372,0.5008,-0.0222,0.6143
rag,Qwen-7B/hotpotqa,sw_var_peak,0.2416,0.4499,0.5008,0.0138,0.5307
rag,Qwen-7B/hotpotqa,pe_mean,0.2706,0.5297,0.5008,-0.0226,0.5253
rag,Qwen-7B/hotpotqa,hurst_exponent,0.3012,0.5874,0.5008,-0.0424,0.5253
rag,Qwen-7B/hotpotqa,cusum_max,0.2462,0.4673,0.5008,0.001,0.621
rag,Qwen-7B/hotpotqa,cusum_shift_idx,0.6177,0.4069,0.5008,0.0257,0.392
rag,Qwen-7B/narrativeqa,epr,0.5443,0.3563,0.5008,0.0285,0.6762
rag,Qwen-7B/narrativeqa,trace_length,0.1315,0.5439,0.5008,-0.0074,0.4088
rag,Qwen-7B/narrativeqa,spectral_entropy,0.6881,0.3722,0.5008,0.033,0.6118
rag,Qwen-7B/narrativeqa,low_band_power,0.0459,0.62,0.5008,-0.0236,0.5582
rag,Qwen-7B/narrativeqa,high_band_power,0.578,0.5783,0.5008,-0.0259,0.6134
rag,Qwen-7B/narrativeqa,hl_ratio,0.5887,0.4977,0.5008,-0.0022,0.6098
rag,Qwen-7B/narrativeqa,dominant_freq,0.4297,0.6114,0.5008,-0.0267,0.5515
rag,Qwen-7B/narrativeqa,spectral_centroid,0.7875,0.5767,0.5008,-0.0267,0.5851
rag,Qwen-7B/narrativeqa,stft_max_high_power,0.555,0.3982,0.5008,0.0225,0.6099
rag,Qwen-7B/narrativeqa,stft_spectral_entropy,0.0826,0.4634,0.5008,0.0088,0.5821
rag,Qwen-7B/narrativeqa,rpdi,0.2003,0.5179,0.5008,-0.0126,0.5355
rag,Qwen-7B/narrativeqa,sw_var_peak,0.7844,0.3565,0.5008,0.0321,0.686
rag,Qwen-7B/narrativeqa,pe_mean,0.9067,0.3552,0.5008,0.0305,0.654
rag,Qwen-7B/narrativeqa,hurst_exponent,0.3976,0.5495,0.5008,-0.0112,0.5055
rag,Qwen-7B/narrativeqa,cusum_max,0.026,0.5083,0.5008,-0.0008,0.6135
rag,Qwen-7B/narrativeqa,cusum_shift_idx,0.5321,0.5334,0.5008,-0.0184,0.4123
rag,Qwen-7B/natural-questions,epr,0.1171,0.4731,0.5008,-0.0005,0.585
rag,Qwen-7B/natural-questions,trace_length,0.6999,0.3924,0.5008,0.0294,0.3088
rag,Qwen-7B/natural-questions,spectral_entropy,0.5622,0.381,0.5008,0.0213,0.6423
rag,Qwen-7B/natural-questions,low_band_power,0.5988,0.4906,0.5008,0.0014,0.6176
rag,Qwen-7B/natural-questions,high_band_power,0.347,0.5807,0.5008,-0.0234,0.5731
rag,Qwen-7B/natural-questions,hl_ratio,0.06,0.5938,0.5008,-0.0277,0.5287
rag,Qwen-7B/natural-questions,dominant_freq,0.0864,0.5687,0.5008,-0.0241,0.5079
rag,Qwen-7B/natural-questions,spectral_centroid,0.347,0.5313,0.5008,-0.0135,0.4748
rag,Qwen-7B/natural-questions,stft_max_high_power,0.9488,0.271,0.5008,0.047,0.7031
rag,Qwen-7B/natural-questions,stft_spectral_entropy,0.6281,0.3563,0.5008,0.0311,0.6013
rag,Qwen-7B/natural-questions,rpdi,0.5783,0.5223,0.5008,-0.0065,0.5119
rag,Qwen-7B/natural-questions,sw_var_peak,0.2548,0.5094,0.5008,-0.0079,0.6206
rag,Qwen-7B/natural-questions,pe_mean,0.306,0.4698,0.5008,0.0006,0.5385
rag,Qwen-7B/natural-questions,hurst_exponent,0.1874,0.5677,0.5008,-0.0287,0.6472
rag,Qwen-7B/natural-questions,cusum_max,0.4466,0.4561,0.5008,0.0136,0.6453
rag,Qwen-7B/natural-questions,cusum_shift_idx,0.5051,0.5447,0.5008,-0.0121,0.584
repgrid,ars_gsm8k_r1distill8b,epr,0.997,0.478,0.5008,0.0633,0.6906
repgrid,ars_gsm8k_r1distill8b,trace_length,0.6357,0.5073,0.5008,-0.0369,0.3178
repgrid,ars_gsm8k_r1distill8b,spectral_entropy,0.622,0.5354,0.5008,-0.0208,0.6675
repgrid,ars_gsm8k_r1distill8b,low_band_power,0.1037,0.5132,0.5008,-0.0279,0.5755
repgrid,ars_gsm8k_r1distill8b,high_band_power,0.2439,0.5059,0.5008,0.0151,0.4558
repgrid,ars_gsm8k_r1distill8b,hl_ratio,0.1814,0.5155,0.5008,-0.0326,0.4276
repgrid,ars_gsm8k_r1distill8b,dominant_freq,0.4451,0.5476,0.5008,-0.0473,0.3949
repgrid,ars_gsm8k_r1distill8b,spectral_centroid,0.1433,0.5002,0.5008,-0.0237,0.4054
repgrid,ars_gsm8k_r1distill8b,stft_max_high_power,0.654,0.484,0.5008,0.0009,0.5968
repgrid,ars_gsm8k_r1distill8b,stft_spectral_entropy,0.1204,0.7082,0.5008,-0.1227,0.5252
repgrid,ars_gsm8k_r1distill8b,rpdi,0.7332,0.5267,0.5008,0.0181,0.5948
repgrid,ars_gsm8k_r1distill8b,sw_var_peak,0.8963,0.2273,0.5008,0.1461,0.6898
repgrid,ars_gsm8k_r1distill8b,pe_mean,0.3735,0.4992,0.5008,0.0151,0.4889
repgrid,ars_gsm8k_r1distill8b,hurst_exponent,0.2652,0.5192,0.5008,-0.023,0.4594
repgrid,ars_gsm8k_r1distill8b,cusum_max,0.6357,0.3785,0.5008,0.0685,0.6965
repgrid,ars_gsm8k_r1distill8b,cusum_shift_idx,0.4497,0.5076,0.5008,0.0079,0.5002
repgrid,epr_triviaqa_mistral24b,epr,1.0,0.165,0.5024,0.0445,0.7375
repgrid,epr_triviaqa_mistral24b,trace_length,0.319,0.4848,0.5024,-0.0002,0.3973
repgrid,epr_triviaqa_mistral24b,spectral_entropy,0.0491,0.5202,0.5024,-0.0051,0.5761
repgrid,epr_triviaqa_mistral24b,low_band_power,0.0368,0.6165,0.5024,-0.0176,0.5442
repgrid,epr_triviaqa_mistral24b,high_band_power,0.1472,0.5388,0.5024,-0.0093,0.4344
repgrid,epr_triviaqa_mistral24b,hl_ratio,0.3988,0.5218,0.5024,-0.0064,0.4373
repgrid,epr_triviaqa_mistral24b,dominant_freq,0.0859,0.5421,0.5024,-0.0094,0.428
repgrid,epr_triviaqa_mistral24b,spectral_centroid,0.2331,0.5392,0.5024,-0.008,0.411
repgrid,epr_triviaqa_mistral24b,rpdi,0.4663,0.5096,0.5024,-0.0079,0.5072
repgrid,epr_triviaqa_mistral24b,sw_var_peak,0.9509,0.3501,0.5024,0.0327,0.7159
repgrid,epr_triviaqa_mistral24b,pe_mean,0.3926,0.5236,0.5024,-0.0102,0.4889
repgrid,epr_triviaqa_mistral24b,hurst_exponent,0.2883,0.5401,0.5024,-0.0092,0.4469
repgrid,epr_triviaqa_mistral24b,cusum_max,0.6564,0.4411,0.5024,0.007,0.6746
repgrid,epr_triviaqa_mistral24b,cusum_shift_idx,0.3865,0.4741,0.5024,-0.0011,0.4238
repgrid,inside_coqa_llama7b,epr,0.6972,0.3598,0.5014,0.0306,0.5728
repgrid,inside_coqa_llama7b,spectral_entropy,0.8012,0.4253,0.5014,0.0209,0.3592
repgrid,inside_coqa_llama7b,low_band_power,0.1468,0.6462,0.5014,-0.0283,0.6075
repgrid,inside_coqa_llama7b,high_band_power,0.3976,0.4434,0.5014,0.0117,0.538
repgrid,inside_coqa_llama7b,hl_ratio,0.4343,0.5037,0.5014,-0.0032,0.4763
repgrid,inside_coqa_llama7b,dominant_freq,0.1865,0.547,0.5014,-0.008,0.433
repgrid,inside_coqa_llama7b,spectral_centroid,0.2202,0.5756,0.5014,-0.0125,0.448
repgrid,inside_coqa_llama7b,stft_max_high_power,0.3639,0.4294,0.5014,0.0148,0.5366
repgrid,inside_coqa_llama7b,stft_spectral_entropy,0.1682,0.5652,0.5014,-0.0206,0.4212
repgrid,inside_coqa_llama7b,rpdi,0.0948,0.583,0.5014,-0.0222,0.438
repgrid,inside_coqa_llama7b,sw_var_peak,0.789,0.3159,0.5014,0.0422,0.6152
repgrid,inside_coqa_llama7b,pe_mean,0.3425,0.4697,0.5014,0.0056,0.5221
repgrid,inside_coqa_llama7b,hurst_exponent,0.1162,0.5884,0.5014,-0.0204,0.4064
repgrid,inside_coqa_llama7b,cusum_max,0.6055,0.5017,0.5014,0.0041,0.5363
repgrid,inside_coqa_llama7b,cusum_shift_idx,0.0795,0.5458,0.5014,-0.0146,0.597
repgrid,internalstates_gsm8k_qwen25_7b,epr,0.9331,0.3656,0.5008,0.0108,0.6451
repgrid,internalstates_gsm8k_qwen25_7b,trace_length,0.9878,0.3039,0.5008,0.0231,0.3033
repgrid,internalstates_gsm8k_qwen25_7b,spectral_entropy,0.8936,0.3738,0.5008,0.0073,0.6679
repgrid,internalstates_gsm8k_qwen25_7b,low_band_power,0.2401,0.5227,0.5008,-0.0016,0.6361
repgrid,internalstates_gsm8k_qwen25_7b,high_band_power,0.1018,0.5939,0.5008,-0.009,0.4002
repgrid,internalstates_gsm8k_qwen25_7b,hl_ratio,0.1839,0.5593,0.5008,-0.0055,0.3772
repgrid,internalstates_gsm8k_qwen25_7b,dominant_freq,0.1884,0.506,0.5008,-0.0038,0.3896
repgrid,internalstates_gsm8k_qwen25_7b,spectral_centroid,0.1307,0.5538,0.5008,-0.0048,0.3709
repgrid,internalstates_gsm8k_qwen25_7b,stft_max_high_power,0.5471,0.4734,0.5008,-0.0046,0.5451
repgrid,internalstates_gsm8k_qwen25_7b,stft_spectral_entropy,0.1581,0.6404,0.5008,-0.0219,0.4666
repgrid,internalstates_gsm8k_qwen25_7b,rpdi,0.7082,0.4601,0.5008,0.0017,0.5619
repgrid,internalstates_gsm8k_qwen25_7b,sw_var_peak,0.696,0.3664,0.5008,0.0151,0.6754
repgrid,internalstates_gsm8k_qwen25_7b,pe_mean,0.6216,0.4824,0.5008,-0.0032,0.4537
repgrid,internalstates_gsm8k_qwen25_7b,hurst_exponent,0.4377,0.5738,0.5008,-0.0099,0.4198
repgrid,internalstates_gsm8k_qwen25_7b,cusum_max,0.4802,0.4683,0.5008,0.0043,0.6649
repgrid,internalstates_gsm8k_qwen25_7b,cusum_shift_idx,0.5851,0.4426,0.5008,0.0022,0.4315
repgrid,lapeigvals_gsm8k_llama3b,epr,1.0,0.2344,0.5008,0.0258,0.7077
repgrid,lapeigvals_gsm8k_llama3b,trace_length,0.4052,0.4597,0.5008,0.0039,0.3842
repgrid,lapeigvals_gsm8k_llama3b,spectral_entropy,0.3394,0.4789,0.5008,-0.0012,0.5561
repgrid,lapeigvals_gsm8k_llama3b,low_band_power,0.3058,0.4967,0.5008,0.001,0.6259
repgrid,lapeigvals_gsm8k_llama3b,high_band_power,0.055,0.5813,0.5008,-0.0093,0.4082
repgrid,lapeigvals_gsm8k_llama3b,hl_ratio,0.0994,0.517,0.5008,-0.002,0.3817
repgrid,lapeigvals_gsm8k_llama3b,dominant_freq,0.3899,0.4987,0.5008,-0.0009,0.4224
repgrid,lapeigvals_gsm8k_llama3b,spectral_centroid,0.1651,0.5168,0.5008,-0.0021,0.3824
repgrid,lapeigvals_gsm8k_llama3b,stft_max_high_power,0.4541,0.5317,0.5008,-0.0083,0.5317
repgrid,lapeigvals_gsm8k_llama3b,stft_spectral_entropy,0.0566,0.6719,0.5008,-0.0209,0.4846
repgrid,lapeigvals_gsm8k_llama3b,rpdi,0.5076,0.4759,0.5008,0.0017,0.5881
repgrid,lapeigvals_gsm8k_llama3b,sw_var_peak,0.9067,0.3286,0.5008,0.0188,0.6796
repgrid,lapeigvals_gsm8k_llama3b,pe_mean,0.5031,0.497,0.5008,-0.003,0.4652
repgrid,lapeigvals_gsm8k_llama3b,hurst_exponent,0.0887,0.584,0.5008,-0.0109,0.4295
repgrid,lapeigvals_gsm8k_llama3b,cusum_max,0.5657,0.4815,0.5008,0.0027,0.6443
repgrid,lapeigvals_gsm8k_llama3b,cusum_shift_idx,0.6636,0.418,0.5008,0.0048,0.4124
repgrid,lapeigvals_gsm8k_llama8b,epr,0.9681,0.2265,0.5008,0.0238,0.7844
repgrid,lapeigvals_gsm8k_llama8b,trace_length,0.7249,0.437,0.5008,0.0065,0.2663
repgrid,lapeigvals_gsm8k_llama8b,spectral_entropy,0.5213,0.4746,0.5008,-0.0042,0.5952
repgrid,lapeigvals_gsm8k_llama8b,low_band_power,0.4757,0.4868,0.5008,0.0023,0.7504
repgrid,lapeigvals_gsm8k_llama8b,high_band_power,0.0714,0.5404,0.5008,-0.0035,0.2829
repgrid,lapeigvals_gsm8k_llama8b,hl_ratio,0.4149,0.4844,0.5008,0.0019,0.2456
repgrid,lapeigvals_gsm8k_llama8b,dominant_freq,0.1854,0.5299,0.5008,-0.006,0.3205
repgrid,lapeigvals_gsm8k_llama8b,spectral_centroid,0.2644,0.495,0.5008,0.0015,0.2378
repgrid,lapeigvals_gsm8k_llama8b,stft_max_high_power,0.4605,0.544,0.5008,-0.0142,0.5046
repgrid,lapeigvals_gsm8k_llama8b,stft_spectral_entropy,0.0973,0.6013,0.5008,-0.0116,0.3472
repgrid,lapeigvals_gsm8k_llama8b,rpdi,0.9757,0.3929,0.5008,0.0091,0.718
repgrid,lapeigvals_gsm8k_llama8b,sw_var_peak,0.9043,0.318,0.5008,0.0196,0.7934
repgrid,lapeigvals_gsm8k_llama8b,pe_mean,0.2188,0.508,0.5008,-0.0093,0.4502
repgrid,lapeigvals_gsm8k_llama8b,hurst_exponent,0.1809,0.5722,0.5008,-0.0081,0.3196
repgrid,lapeigvals_gsm8k_llama8b,cusum_max,0.5562,0.4735,0.5008,0.0026,0.7606
repgrid,lapeigvals_gsm8k_llama8b,cusum_shift_idx,0.3131,0.5014,0.5008,-0.0105,0.4666
repgrid,lapeigvals_gsm8k_mistral24b,epr,0.8578,0.3426,0.5008,0.0188,0.8473
repgrid,lapeigvals_gsm8k_mistral24b,trace_length,0.8593,0.3881,0.5008,0.0086,0.2902
repgrid,lapeigvals_gsm8k_mistral24b,spectral_entropy,0.4847,0.5241,0.5008,-0.0139,0.4808
repgrid,lapeigvals_gsm8k_mistral24b,low_band_power,0.0214,0.5582,0.5008,-0.0036,0.7532
repgrid,lapeigvals_gsm8k_mistral24b,high_band_power,0.5214,0.5047,0.5008,0.0003,0.2403
repgrid,lapeigvals_gsm8k_mistral24b,hl_ratio,0.2462,0.4988,0.5008,0.0009,0.2306
repgrid,lapeigvals_gsm8k_mistral24b,dominant_freq,0.8364,0.4235,0.5008,0.0047,0.3016
repgrid,lapeigvals_gsm8k_mistral24b,spectral_centroid,0.2813,0.4856,0.5008,0.0043,0.2147
repgrid,lapeigvals_gsm8k_mistral24b,stft_max_high_power,0.8089,0.4143,0.5008,0.0017,0.6572
repgrid,lapeigvals_gsm8k_mistral24b,stft_spectral_entropy,0.2599,0.6361,0.5008,-0.028,0.5264
repgrid,lapeigvals_gsm8k_mistral24b,rpdi,0.5948,0.4727,0.5008,-0.0011,0.6795
repgrid,lapeigvals_gsm8k_mistral24b,sw_var_peak,0.7844,0.3326,0.5008,0.0216,0.8471
repgrid,lapeigvals_gsm8k_mistral24b,pe_mean,0.5183,0.498,0.5008,-0.0067,0.4617
repgrid,lapeigvals_gsm8k_mistral24b,hurst_exponent,0.0413,0.6316,0.5008,-0.0139,0.2722
repgrid,lapeigvals_gsm8k_mistral24b,cusum_max,0.445,0.464,0.5008,0.0062,0.8139
repgrid,lapeigvals_gsm8k_mistral24b,cusum_shift_idx,0.2492,0.4681,0.5008,0.0002,0.3407
repgrid,lapeigvals_gsm8k_nemo,epr,0.9832,0.2977,0.5008,0.0398,0.7656
repgrid,lapeigvals_gsm8k_nemo,trace_length,0.6972,0.462,0.5008,0.0113,0.318
repgrid,lapeigvals_gsm8k_nemo,spectral_entropy,0.5214,0.4655,0.5008,0.0007,0.6508
repgrid,lapeigvals_gsm8k_nemo,low_band_power,0.1223,0.5392,0.5008,-0.005,0.6417
repgrid,lapeigvals_gsm8k_nemo,high_band_power,0.3624,0.5198,0.5008,-0.0087,0.3779
repgrid,lapeigvals_gsm8k_nemo,hl_ratio,0.2171,0.5264,0.5008,-0.0054,0.3488
repgrid,lapeigvals_gsm8k_nemo,dominant_freq,0.2202,0.5362,0.5008,-0.0088,0.4289
repgrid,lapeigvals_gsm8k_nemo,spectral_centroid,0.159,0.5275,0.5008,-0.0026,0.3432
repgrid,lapeigvals_gsm8k_nemo,stft_max_high_power,0.4113,0.5032,0.5008,-0.01,0.5598
repgrid,lapeigvals_gsm8k_nemo,stft_spectral_entropy,0.5367,0.671,0.5008,-0.0602,0.5426
repgrid,lapeigvals_gsm8k_nemo,rpdi,0.6208,0.4805,0.5008,-0.0024,0.5927
repgrid,lapeigvals_gsm8k_nemo,sw_var_peak,0.9388,0.263,0.5008,0.0719,0.7701
repgrid,lapeigvals_gsm8k_nemo,pe_mean,0.3991,0.5068,0.5008,-0.0109,0.4816
repgrid,lapeigvals_gsm8k_nemo,hurst_exponent,0.0168,0.6022,0.5008,-0.0338,0.4517
repgrid,lapeigvals_gsm8k_nemo,cusum_max,0.659,0.441,0.5008,0.0246,0.6903
repgrid,lapeigvals_gsm8k_nemo,cusum_shift_idx,0.6529,0.4506,0.5008,-0.0004,0.3745
repgrid,lapeigvals_gsm8k_phi35,epr,1.0,0.2691,0.5008,0.036,0.7702
repgrid,lapeigvals_gsm8k_phi35,trace_length,0.8089,0.4168,0.5008,0.0207,0.2931
repgrid,lapeigvals_gsm8k_phi35,spectral_entropy,0.4388,0.458,0.5008,0.0011,0.6483
repgrid,lapeigvals_gsm8k_phi35,low_band_power,0.1514,0.5213,0.5008,-0.0013,0.6713
repgrid,lapeigvals_gsm8k_phi35,high_band_power,0.2278,0.5728,0.5008,-0.0152,0.3969
repgrid,lapeigvals_gsm8k_phi35,hl_ratio,0.1606,0.5482,0.5008,-0.0096,0.3473
repgrid,lapeigvals_gsm8k_phi35,dominant_freq,0.1972,0.5116,0.5008,-0.0079,0.3854
repgrid,lapeigvals_gsm8k_phi35,spectral_centroid,0.2125,0.5159,0.5008,-0.0008,0.3214
repgrid,lapeigvals_gsm8k_phi35,stft_max_high_power,0.4083,0.5003,0.5008,-0.0084,0.5618
repgrid,lapeigvals_gsm8k_phi35,stft_spectral_entropy,0.2171,0.6316,0.5008,-0.0401,0.4753
repgrid,lapeigvals_gsm8k_phi35,rpdi,0.2783,0.568,0.5008,-0.0186,0.5218
repgrid,lapeigvals_gsm8k_phi35,sw_var_peak,0.9235,0.2875,0.5008,0.044,0.7752
repgrid,lapeigvals_gsm8k_phi35,pe_mean,0.5061,0.5009,0.5008,-0.0087,0.5065
repgrid,lapeigvals_gsm8k_phi35,hurst_exponent,0.1621,0.5493,0.5008,-0.0133,0.3721
repgrid,lapeigvals_gsm8k_phi35,cusum_max,0.6636,0.4045,0.5008,0.0225,0.7566
repgrid,lapeigvals_gsm8k_phi35,cusum_shift_idx,0.2691,0.48,0.5008,-0.0004,0.3963
repgrid,losnet_hotpotqa_mistral7b,epr,0.7508,0.3638,0.5008,0.0141,0.5598
repgrid,losnet_hotpotqa_mistral7b,trace_length,0.6407,0.3766,0.5008,0.0146,0.4277
repgrid,losnet_hotpotqa_mistral7b,spectral_entropy,0.7263,0.3641,0.5008,0.0152,0.5748
repgrid,losnet_hotpotqa_mistral7b,low_band_power,0.0581,0.568,0.5008,-0.0089,0.5001
repgrid,losnet_hotpotqa_mistral7b,high_band_power,0.0229,0.6365,0.5008,-0.015,0.519
repgrid,losnet_hotpotqa_mistral7b,hl_ratio,0.0306,0.5928,0.5008,-0.0102,0.508
repgrid,losnet_hotpotqa_mistral7b,dominant_freq,0.2385,0.5294,0.5008,-0.0046,0.4674
repgrid,losnet_hotpotqa_mistral7b,spectral_centroid,0.0336,0.5541,0.5008,-0.0067,0.4956
repgrid,losnet_hotpotqa_mistral7b,stft_max_high_power,0.9251,0.437,0.5008,0.0049,0.571
repgrid,losnet_hotpotqa_mistral7b,stft_spectral_entropy,0.3242,0.6517,0.5008,-0.0152,0.5346
repgrid,losnet_hotpotqa_mistral7b,rpdi,0.4801,0.5381,0.5008,-0.0036,0.4991
repgrid,losnet_hotpotqa_mistral7b,sw_var_peak,0.633,0.3654,0.5008,0.0164,0.5834
repgrid,losnet_hotpotqa_mistral7b,pe_mean,0.4511,0.5131,0.5008,-0.0035,0.527
repgrid,losnet_hotpotqa_mistral7b,hurst_exponent,0.3914,0.5174,0.5008,-0.0008,0.4796
repgrid,losnet_hotpotqa_mistral7b,cusum_max,0.2003,0.4696,0.5008,0.0042,0.5452
repgrid,losnet_hotpotqa_mistral7b,cusum_shift_idx,0.5245,0.5002,0.5008,-0.0009,0.464
repgrid,noise_gsm8k_mistral7b,epr,0.9878,0.3425,0.5008,0.0339,0.7431
repgrid,noise_gsm8k_mistral7b,trace_length,0.6911,0.4036,0.5008,0.0243,0.2316
repgrid,noise_gsm8k_mistral7b,spectral_entropy,0.9159,0.344,0.5008,0.0382,0.759
repgrid,noise_gsm8k_mistral7b,low_band_power,0.0413,0.5672,0.5008,-0.0178,0.6128
repgrid,noise_gsm8k_mistral7b,high_band_power,0.1728,0.6215,0.5008,-0.0288,0.4155
repgrid,noise_gsm8k_mistral7b,hl_ratio,0.0841,0.5823,0.5008,-0.0184,0.3922
repgrid,noise_gsm8k_mistral7b,dominant_freq,0.4281,0.5112,0.5008,-0.0037,0.3808
repgrid,noise_gsm8k_mistral7b,spectral_centroid,0.0719,0.5507,0.5008,-0.0124,0.3608
repgrid,noise_gsm8k_mistral7b,stft_max_high_power,0.6468,0.5136,0.5008,-0.0112,0.6129
repgrid,noise_gsm8k_mistral7b,stft_spectral_entropy,0.2584,0.632,0.5008,-0.0382,0.4745
repgrid,noise_gsm8k_mistral7b,rpdi,0.6437,0.4478,0.5008,0.0142,0.6552
repgrid,noise_gsm8k_mistral7b,sw_var_peak,0.6651,0.367,0.5008,0.0355,0.7543
repgrid,noise_gsm8k_mistral7b,pe_mean,0.5076,0.4987,0.5008,-0.0063,0.5244
repgrid,noise_gsm8k_mistral7b,hurst_exponent,0.0795,0.6068,0.5008,-0.0283,0.4394
repgrid,noise_gsm8k_mistral7b,cusum_max,0.4098,0.4648,0.5008,0.0154,0.7264
repgrid,noise_gsm8k_mistral7b,cusum_shift_idx,0.419,0.4476,0.5008,0.0037,0.4127
repgrid,noise_gsm8k_phi3mini,epr,1.0,0.4131,0.5008,0.0303,0.6683
repgrid,noise_gsm8k_phi3mini,trace_length,0.4358,0.4648,0.5008,-0.0042,0.4233
repgrid,noise_gsm8k_phi3mini,spectral_entropy,0.344,0.4592,0.5008,-0.0055,0.565
repgrid,noise_gsm8k_phi3mini,low_band_power,0.2156,0.5093,0.5008,-0.007,0.5808
repgrid,noise_gsm8k_phi3mini,high_band_power,0.3609,0.5044,0.5008,-0.0049,0.4192
repgrid,noise_gsm8k_phi3mini,hl_ratio,0.3012,0.4965,0.5008,-0.0053,0.4067
repgrid,noise_gsm8k_phi3mini,dominant_freq,0.1284,0.5508,0.5008,-0.0013,0.4904
repgrid,noise_gsm8k_phi3mini,spectral_centroid,0.396,0.4869,0.5008,-0.0051,0.3986
repgrid,noise_gsm8k_phi3mini,stft_max_high_power,0.4832,0.5383,0.5008,-0.0104,0.543
repgrid,noise_gsm8k_phi3mini,stft_spectral_entropy,0.4205,0.7091,0.5008,-0.0632,0.542
repgrid,noise_gsm8k_phi3mini,rpdi,0.2156,0.4989,0.5008,-0.0053,0.5315
repgrid,noise_gsm8k_phi3mini,sw_var_peak,0.9358,0.2299,0.5008,0.1039,0.655
repgrid,noise_gsm8k_phi3mini,pe_mean,0.4312,0.5063,0.5008,-0.0027,0.5185
repgrid,noise_gsm8k_phi3mini,hurst_exponent,0.2141,0.6152,0.5008,-0.039,0.4928
repgrid,noise_gsm8k_phi3mini,cusum_max,0.2554,0.453,0.5008,0.0127,0.5701
repgrid,noise_gsm8k_phi3mini,cusum_shift_idx,0.8333,0.4736,0.5008,0.007,0.4041
repgrid,sciq_llama8b,epr,1.0,0.2257,0.5008,0.0279,0.7389
repgrid,sciq_llama8b,trace_length,0.6209,0.3928,0.5008,0.012,0.2985
repgrid,sciq_llama8b,spectral_entropy,0.709,0.4051,0.5008,0.0083,0.6947
repgrid,sciq_llama8b,low_band_power,0.2567,0.526,0.5008,-0.0056,0.5972
repgrid,sciq_llama8b,high_band_power,0.3806,0.5418,0.5008,-0.0131,0.5232
repgrid,sciq_llama8b,hl_ratio,0.5164,0.484,0.5008,-0.0022,0.4165
repgrid,sciq_llama8b,dominant_freq,0.0836,0.5356,0.5008,-0.0064,0.3939
repgrid,sciq_llama8b,spectral_centroid,0.4522,0.5049,0.5008,-0.0048,0.412
repgrid,sciq_llama8b,stft_max_high_power,0.2776,0.4806,0.5008,-0.0022,0.6322
repgrid,sciq_llama8b,stft_spectral_entropy,0.3239,0.4693,0.5008,-0.0,0.5927
repgrid,sciq_llama8b,rpdi,0.3119,0.522,0.5008,-0.0065,0.4394
repgrid,sciq_llama8b,sw_var_peak,0.0582,0.4385,0.5008,0.0068,0.6906
repgrid,sciq_llama8b,pe_mean,0.4478,0.4915,0.5008,-0.0059,0.4974
repgrid,sciq_llama8b,hurst_exponent,0.3448,0.4518,0.5008,0.0042,0.3423
repgrid,sciq_llama8b,cusum_max,0.5075,0.391,0.5008,0.012,0.7195
repgrid,sciq_llama8b,cusum_shift_idx,0.0,0.6454,0.5008,-0.0246,0.522
repgrid,se_nq_open_llama8b,epr,0.9939,0.2175,0.5024,0.0399,0.7416
repgrid,se_nq_open_llama8b,trace_length,0.3988,0.4512,0.5024,0.0053,0.3782
repgrid,se_nq_open_llama8b,spectral_entropy,0.2331,0.4607,0.5024,0.0018,0.6064
repgrid,se_nq_open_llama8b,low_band_power,0.0552,0.5816,0.5024,-0.0156,0.5639
repgrid,se_nq_open_llama8b,high_band_power,0.1902,0.567,0.5024,-0.0121,0.4431
repgrid,se_nq_open_llama8b,hl_ratio,0.3681,0.5245,0.5024,-0.0055,0.4319
repgrid,se_nq_open_llama8b,dominant_freq,0.1227,0.559,0.5024,-0.0122,0.4331
repgrid,se_nq_open_llama8b,spectral_centroid,0.1104,0.576,0.5024,-0.013,0.4134
repgrid,se_nq_open_llama8b,rpdi,0.4663,0.5008,0.5024,-0.0064,0.5413
repgrid,se_nq_open_llama8b,sw_var_peak,0.9325,0.3118,0.5024,0.0329,0.731
repgrid,se_nq_open_llama8b,pe_mean,0.4663,0.5077,0.5024,-0.0069,0.4939
repgrid,se_nq_open_llama8b,hurst_exponent,0.092,0.5799,0.5024,-0.0137,0.4541
repgrid,se_nq_open_llama8b,cusum_max,0.8221,0.4091,0.5024,0.0153,0.7046
repgrid,se_nq_open_llama8b,cusum_shift_idx,0.1963,0.5254,0.5024,-0.0097,0.4839
repgrid,se_squad_v2_llama8b,epr,0.9816,0.2971,0.5024,0.0216,0.7464
repgrid,se_squad_v2_llama8b,trace_length,0.816,0.3884,0.5024,0.0134,0.2334
repgrid,se_squad_v2_llama8b,spectral_entropy,0.7178,0.381,0.5024,0.0134,0.7093
repgrid,se_squad_v2_llama8b,low_band_power,0.1534,0.496,0.5024,-0.0013,0.6873
repgrid,se_squad_v2_llama8b,high_band_power,0.0123,0.6137,0.5024,-0.02,0.4094
repgrid,se_squad_v2_llama8b,hl_ratio,0.2761,0.4813,0.5024,0.0025,0.2908
repgrid,se_squad_v2_llama8b,dominant_freq,0.0061,0.6136,0.5024,-0.0185,0.3878
repgrid,se_squad_v2_llama8b,spectral_centroid,0.0,0.5754,0.5024,-0.0115,0.3283
repgrid,se_squad_v2_llama8b,rpdi,0.3006,0.5448,0.5024,-0.0142,0.6765
repgrid,se_squad_v2_llama8b,sw_var_peak,0.6933,0.3394,0.5024,0.0171,0.7535
repgrid,se_squad_v2_llama8b,pe_mean,0.3804,0.5106,0.5024,-0.012,0.5078
repgrid,se_squad_v2_llama8b,hurst_exponent,0.6687,0.4525,0.5024,0.0049,0.3371
repgrid,se_squad_v2_llama8b,cusum_max,0.6564,0.3765,0.5024,0.0137,0.7707
repgrid,se_squad_v2_llama8b,cusum_shift_idx,0.3558,0.4932,0.5024,-0.0091,0.4395
repgrid,seiclr_triviaqa_opt30b,epr,0.5291,0.42,0.5014,0.0116,0.5737
repgrid,seiclr_triviaqa_opt30b,spectral_entropy,0.6942,0.4457,0.5014,0.006,0.5512
repgrid,seiclr_triviaqa_opt30b,low_band_power,0.0275,0.5894,0.5014,-0.0103,0.4828
repgrid,seiclr_triviaqa_opt30b,high_band_power,0.263,0.5676,0.5014,-0.0086,0.4974
repgrid,seiclr_triviaqa_opt30b,hl_ratio,0.0795,0.5717,0.5014,-0.0084,0.5046
repgrid,seiclr_triviaqa_opt30b,dominant_freq,0.208,0.5439,0.5014,-0.0052,0.509
repgrid,seiclr_triviaqa_opt30b,spectral_centroid,0.1315,0.5095,0.5014,-0.0008,0.4846
repgrid,seiclr_triviaqa_opt30b,stft_max_high_power,0.4067,0.5368,0.5014,-0.0054,0.5079
repgrid,seiclr_triviaqa_opt30b,stft_spectral_entropy,0.1223,0.5691,0.5014,-0.0089,0.5382
repgrid,seiclr_triviaqa_opt30b,rpdi,0.4037,0.5055,0.5014,-0.0035,0.4811
repgrid,seiclr_triviaqa_opt30b,sw_var_peak,0.7278,0.3394,0.5014,0.0208,0.5786
repgrid,seiclr_triviaqa_opt30b,pe_mean,0.3425,0.5078,0.5014,-0.0015,0.5036
repgrid,seiclr_triviaqa_opt30b,hurst_exponent,0.1529,0.4964,0.5014,-0.0011,0.494
repgrid,seiclr_triviaqa_opt30b,cusum_max,0.9847,0.2291,0.5014,0.0285,0.6248
repgrid,seiclr_triviaqa_opt30b,cusum_shift_idx,0.2385,0.5732,0.5014,-0.0132,0.5699
repgrid,semenergy_triviaqa_qwen3_8b,epr,0.9877,0.3312,0.5024,0.0184,0.7813
repgrid,semenergy_triviaqa_qwen3_8b,trace_length,0.0859,0.5577,0.5024,-0.0202,0.3986
repgrid,semenergy_triviaqa_qwen3_8b,spectral_entropy,0.2515,0.5976,0.5024,-0.0406,0.5513
repgrid,semenergy_triviaqa_qwen3_8b,low_band_power,0.2515,0.5424,0.5024,-0.0096,0.6268
repgrid,semenergy_triviaqa_qwen3_8b,high_band_power,0.1779,0.511,0.5024,-0.0036,0.4007
repgrid,semenergy_triviaqa_qwen3_8b,hl_ratio,0.184,0.597,0.5024,-0.0246,0.3661
repgrid,semenergy_triviaqa_qwen3_8b,dominant_freq,0.4233,0.4985,0.5024,0.0014,0.3677
repgrid,semenergy_triviaqa_qwen3_8b,spectral_centroid,0.2699,0.4858,0.5024,0.0062,0.3223
repgrid,semenergy_triviaqa_qwen3_8b,rpdi,0.411,0.5049,0.5024,-0.0043,0.5567
repgrid,semenergy_triviaqa_qwen3_8b,sw_var_peak,0.9816,0.3209,0.5024,0.0424,0.7939
repgrid,semenergy_triviaqa_qwen3_8b,pe_mean,0.3742,0.5208,0.5024,-0.0113,0.5216
repgrid,semenergy_triviaqa_qwen3_8b,hurst_exponent,0.1902,0.5284,0.5024,-0.0072,0.3562
repgrid,semenergy_triviaqa_qwen3_8b,cusum_max,0.9571,0.2406,0.5024,0.0561,0.7912
repgrid,semenergy_triviaqa_qwen3_8b,cusum_shift_idx,0.4233,0.5024,0.5024,-0.0029,0.5555
repgrid,spilled_triviaqa_llama8b,epr,0.8144,0.4339,0.5024,0.0097,0.872
repgrid,spilled_triviaqa_llama8b,trace_length,0.6407,0.4452,0.5024,0.0071,0.0747
repgrid,spilled_triviaqa_llama8b,spectral_entropy,0.7545,0.3578,0.5024,0.0232,0.8867
repgrid,spilled_triviaqa_llama8b,low_band_power,0.3114,0.4546,0.5024,0.0069,0.8073
repgrid,spilled_triviaqa_llama8b,high_band_power,0.0539,0.583,0.5024,-0.0189,0.2573
repgrid,spilled_triviaqa_llama8b,hl_ratio,0.6048,0.3509,0.5024,0.0271,0.1053
repgrid,spilled_triviaqa_llama8b,dominant_freq,0.0479,0.6027,0.5024,-0.016,0.2113
repgrid,spilled_triviaqa_llama8b,spectral_centroid,0.0838,0.5813,0.5024,-0.0139,0.1933
repgrid,spilled_triviaqa_llama8b,rpdi,0.3593,0.5258,0.5024,-0.0177,0.6667
repgrid,spilled_triviaqa_llama8b,sw_var_peak,0.7066,0.455,0.5024,0.0088,0.8707
repgrid,spilled_triviaqa_llama8b,pe_mean,0.4311,0.5059,0.5024,-0.0269,0.7387
repgrid,spilled_triviaqa_llama8b,hurst_exponent,0.0479,0.6069,0.5024,-0.019,0.3247
repgrid,spilled_triviaqa_llama8b,cusum_max,0.479,0.5126,0.5024,-0.0022,0.862
repgrid,spilled_triviaqa_llama8b,cusum_shift_idx,1.0,0.3025,0.5024,0.0319,0.1883
repgrid,truthfulqa_llama8b,epr,0.7676,0.413,0.5008,0.0123,0.6057
repgrid,truthfulqa_llama8b,trace_length,0.9969,0.3308,0.5008,0.023,0.3212
repgrid,truthfulqa_llama8b,spectral_entropy,0.9709,0.3301,0.5008,0.0239,0.6747
repgrid,truthfulqa_llama8b,low_band_power,0.0,0.6123,0.5008,-0.0213,0.5328
repgrid,truthfulqa_llama8b,high_band_power,0.3517,0.5644,0.5008,-0.016,0.4951
repgrid,truthfulqa_llama8b,hl_ratio,0.2064,0.5436,0.5008,-0.0056,0.4788
repgrid,truthfulqa_llama8b,dominant_freq,0.3073,0.5503,0.5008,-0.0121,0.4597
repgrid,truthfulqa_llama8b,spectral_centroid,0.0688,0.5944,0.5008,-0.0184,0.4669
repgrid,truthfulqa_llama8b,stft_max_high_power,0.5535,0.4036,0.5008,0.0118,0.6234
repgrid,truthfulqa_llama8b,stft_spectral_entropy,0.6606,0.4187,0.5008,0.0118,0.6047
repgrid,truthfulqa_llama8b,rpdi,0.6116,0.4945,0.5008,-0.0053,0.4981
repgrid,truthfulqa_llama8b,sw_var_peak,0.5703,0.3512,0.5008,0.0208,0.6478
repgrid,truthfulqa_llama8b,pe_mean,0.2982,0.5041,0.5008,-0.005,0.5174
repgrid,truthfulqa_llama8b,hurst_exponent,0.107,0.606,0.5008,-0.0213,0.4733
repgrid,truthfulqa_llama8b,cusum_max,0.4388,0.4402,0.5008,0.0106,0.656
repgrid,truthfulqa_llama8b,cusum_shift_idx,0.3991,0.5139,0.5008,-0.0091,0.4955
trace,gpqa_r1_7b_raw,epr,0.8384,0.3813,0.5014,0.0077,0.5032
trace,gpqa_r1_7b_raw,spectral_entropy,0.4787,0.5719,0.5014,-0.0102,0.4014
trace,gpqa_r1_7b_raw,low_band_power,0.3963,0.6337,0.5014,-0.0163,0.5688
trace,gpqa_r1_7b_raw,high_band_power,0.2622,0.5603,0.5014,-0.0037,0.4651
trace,gpqa_r1_7b_raw,hl_ratio,0.4299,0.6064,0.5014,-0.0115,0.4395
trace,gpqa_r1_7b_raw,dominant_freq,0.6189,0.5663,0.5014,0.0015,0.5243
trace,gpqa_r1_7b_raw,spectral_centroid,0.3659,0.6029,0.5014,-0.012,0.4251
trace,gpqa_r1_7b_raw,stft_max_high_power,0.6524,0.4877,0.5014,0.0048,0.4795
trace,gpqa_r1_7b_raw,stft_spectral_entropy,0.2988,0.6007,0.5014,-0.012,0.4393
trace,gpqa_r1_7b_raw,rpdi,0.2104,0.4605,0.5014,0.0096,0.5029
trace,gpqa_r1_7b_raw,sw_var_peak,0.4329,0.4639,0.5014,0.0089,0.4877
trace,gpqa_r1_7b_raw,pe_mean,0.0518,0.5091,0.5014,-0.0136,0.4788
trace,gpqa_r1_7b_raw,hurst_exponent,0.997,0.5824,0.5014,0.009,0.4206
trace,gpqa_r1_7b_raw,cusum_max,0.7896,0.3795,0.5014,0.0281,0.5101
trace,gpqa_r1_7b_raw,cusum_shift_idx,0.4939,0.4783,0.5014,0.0097,0.5331
trace,gsm8k_llama8b_raw,epr,0.9537,0.4197,0.5008,0.0303,0.7313
trace,gsm8k_llama8b_raw,trace_length,0.7683,0.4346,0.5008,0.0196,0.3118
trace,gsm8k_llama8b_raw,spectral_entropy,0.1868,0.4602,0.5008,-0.0018,0.665
trace,gsm8k_llama8b_raw,low_band_power,0.6293,0.4548,0.5008,0.0179,0.6872
trace,gsm8k_llama8b_raw,high_band_power,0.3617,0.4678,0.5008,0.0155,0.3589
trace,gsm8k_llama8b_raw,hl_ratio,0.4185,0.467,0.5008,0.012,0.3066
trace,gsm8k_llama8b_raw,dominant_freq,0.0867,0.5642,0.5008,-0.0233,0.4405
trace,gsm8k_llama8b_raw,spectral_centroid,0.5949,0.4543,0.5008,0.0161,0.3002
trace,gsm8k_llama8b_raw,stft_max_high_power,0.2616,0.5478,0.5008,-0.0211,0.5081
trace,gsm8k_llama8b_raw,stft_spectral_entropy,0.1435,0.6506,0.5008,-0.093,0.4216
trace,gsm8k_llama8b_raw,rpdi,0.852,0.4752,0.5008,-0.0055,0.6273
trace,gsm8k_llama8b_raw,sw_var_peak,0.8505,0.2992,0.5008,0.1245,0.7245
trace,gsm8k_llama8b_raw,pe_mean,0.5291,0.641,0.5008,-0.0832,0.6322
trace,gsm8k_llama8b_raw,hurst_exponent,0.148,0.6497,0.5008,-0.0794,0.4534
trace,gsm8k_llama8b_raw,cusum_max,0.4768,0.3937,0.5008,0.102,0.7066
trace,gsm8k_llama8b_raw,cusum_shift_idx,0.2257,0.5375,0.5008,-0.0306,0.4436
trace,math500_qwen1.5b_raw,epr,0.9863,0.33,0.5008,0.0077,0.6712
trace,math500_qwen1.5b_raw,trace_length,0.9029,0.359,0.5008,0.0042,0.3402
trace,math500_qwen1.5b_raw,spectral_entropy,0.0501,0.6484,0.5008,-0.0116,0.4704
trace,math500_qwen1.5b_raw,low_band_power,0.3794,0.4544,0.5008,0.0022,0.6649
trace,math500_qwen1.5b_raw,high_band_power,0.6601,0.3864,0.5008,0.0055,0.3312
trace,math500_qwen1.5b_raw,hl_ratio,0.3763,0.4103,0.5008,0.0046,0.3265
trace,math500_qwen1.5b_raw,dominant_freq,0.0319,0.5749,0.5008,-0.0049,0.3902
trace,math500_qwen1.5b_raw,spectral_centroid,0.4036,0.4422,0.5008,0.0033,0.3295
trace,math500_qwen1.5b_raw,stft_max_high_power,0.2731,0.5267,0.5008,-0.0054,0.4861
trace,math500_qwen1.5b_raw,stft_spectral_entropy,0.3065,0.4928,0.5008,0.0,0.3574
trace,math500_qwen1.5b_raw,rpdi,0.6571,0.4301,0.5008,0.0029,0.6253
trace,math500_qwen1.5b_raw,sw_var_peak,0.3308,0.444,0.5008,0.0031,0.642
trace,math500_qwen1.5b_raw,pe_mean,0.2231,0.5501,0.5008,-0.0073,0.4974
trace,math500_qwen1.5b_raw,hurst_exponent,0.0,0.6139,0.5008,-0.0057,0.3806
trace,math500_qwen1.5b_raw,cusum_max,0.6055,0.4256,0.5008,0.0041,0.6747
trace,math500_qwen1.5b_raw,cusum_shift_idx,0.4006,0.5164,0.5008,-0.0028,0.4456
